algo,timingFullProtocol,timingSendAppData,timingProcessServerHello,timingWriteClientHello,timingWriteKEMCiphertext
P384_NTRU_HRSS_701,32.010641,31.233353,0.021325,1.545644,0.021325
P384_NTRU_HRSS_701,25.613226,24.031753,0.029464,1.405523,0.029464
P384_NTRU_HRSS_701,28.080727,26.490782,0.034409,1.594851,0.034409
P384_NTRU_HRSS_701,25.751807,24.920902,0.019273,1.341689,0.019273
P384_NTRU_HRSS_701,22.020737,21.104697,0.018268,2.178743,0.018268
P384_NTRU_HRSS_701,25.914814,23.433923,0.024987,1.554463,0.024987
P384_NTRU_HRSS_701,33.029253,31.435316,0.018856,1.424093,0.018856
P384_NTRU_HRSS_701,23.969554,22.380160,0.035689,1.496064,0.035689
P384_NTRU_HRSS_701,27.710142,25.904442,0.019396,1.438904,0.019396
P384_NTRU_HRSS_701,21.498771,20.567763,0.018506,1.456861,0.018506
P384_NTRU_HRSS_701,21.245147,20.175534,0.019350,1.359414,0.019350
P384_NTRU_HRSS_701,23.601005,22.476588,0.022579,1.526717,0.022579
P384_NTRU_HRSS_701,24.110179,22.306528,0.018763,1.525445,0.018763
P384_NTRU_HRSS_701,27.140974,26.302432,0.019022,1.459425,0.019022
P384_NTRU_HRSS_701,26.378438,25.412739,0.029060,1.478772,0.029060
P384_NTRU_HRSS_701,22.897717,21.390079,0.037397,1.766981,0.037397
P384_NTRU_HRSS_701,27.297236,25.843482,0.023297,1.644010,0.023297
P384_NTRU_HRSS_701,26.501408,25.629232,0.025613,1.575493,0.025613
P384_NTRU_HRSS_701,14.957992,14.059787,0.011955,0.483350,0.011955
P384_NTRU_HRSS_701,21.217089,20.372335,0.027537,1.621696,0.027537
P384_NTRU_HRSS_701,23.351494,21.687025,0.019905,1.478549,0.019905
P384_NTRU_HRSS_701,27.361234,25.684905,0.023200,1.546360,0.023200
P384_NTRU_HRSS_701,23.347992,22.404926,0.033920,1.405417,0.033920
P384_NTRU_HRSS_701,40.552381,39.336489,0.018659,1.499887,0.018659
P384_NTRU_HRSS_701,23.871803,22.971054,0.021575,1.390686,0.021575
P384_NTRU_HRSS_701,24.131349,23.220234,0.033269,1.440894,0.033269
P384_NTRU_HRSS_701,21.320797,20.134983,0.042390,1.497575,0.042390
P384_NTRU_HRSS_701,25.148856,24.268401,0.018241,1.455489,0.018241
P384_NTRU_HRSS_701,24.093155,23.212965,0.032171,1.525265,0.032171
P384_NTRU_HRSS_701,21.311644,20.274788,0.030087,1.585560,0.030087
P384_NTRU_HRSS_701,23.403941,22.553375,0.018531,1.368111,0.018531
P384_NTRU_HRSS_701,24.906048,23.176202,0.023726,1.486472,0.023726
P384_NTRU_HRSS_701,26.427914,25.507991,0.021618,1.567532,0.021618
P384_NTRU_HRSS_701,21.784531,20.837746,0.020072,2.307048,0.020072
P384_NTRU_HRSS_701,19.036575,17.897154,0.035110,1.593988,0.035110
P384_NTRU_HRSS_701,23.519116,22.633460,0.020992,1.470344,0.020992
P384_NTRU_HRSS_701,20.512471,19.537140,0.018454,1.342735,0.018454
P384_NTRU_HRSS_701,24.275202,23.547723,0.018947,1.403703,0.018947
P384_NTRU_HRSS_701,19.363746,18.483870,0.023277,1.803776,0.023277
P384_NTRU_HRSS_701,27.060455,26.121803,0.023298,1.425546,0.023298
P384_NTRU_HRSS_701,22.373317,21.350230,0.018717,1.524357,0.018717
P384_NTRU_HRSS_701,25.114668,22.881397,0.020789,1.632670,0.020789
P384_NTRU_HRSS_701,23.966088,23.197395,0.021993,1.638817,0.021993
P384_NTRU_HRSS_701,27.784355,26.875204,0.018464,1.437796,0.018464
P384_NTRU_HRSS_701,25.899103,23.401081,0.021314,1.566102,0.021314
P384_NTRU_HRSS_701,20.901190,20.036750,0.018425,1.460380,0.018425
P384_NTRU_HRSS_701,24.443099,23.713826,0.034308,1.468486,0.034308
P384_NTRU_HRSS_701,21.521024,20.631417,0.022084,1.502604,0.022084
P384_NTRU_HRSS_701,20.576385,19.662815,0.009731,0.533520,0.009731
P384_NTRU_HRSS_701,18.847051,18.001904,0.011971,0.606630,0.011971
P384_NTRU_HRSS_701,23.933502,23.195031,0.021616,1.518383,0.021616
P384_NTRU_HRSS_701,22.374613,21.473412,0.019342,1.352768,0.019342
P384_NTRU_HRSS_701,19.656532,18.413887,0.019754,1.372394,0.019754
P384_NTRU_HRSS_701,22.308486,21.501354,0.019371,1.519759,0.019371
P384_NTRU_HRSS_701,25.168399,24.239888,0.034502,1.445537,0.034502
P384_NTRU_HRSS_701,28.298302,25.492443,0.019284,1.513536,0.019284
P384_NTRU_HRSS_701,26.061302,25.234132,0.019464,1.367979,0.019464
P384_NTRU_HRSS_701,24.036683,22.922659,0.026159,2.231911,0.026159
P384_NTRU_HRSS_701,25.279663,24.472592,0.027506,1.485136,0.027506
P384_NTRU_HRSS_701,30.388967,29.160755,0.019150,1.527193,0.019150
P384_NTRU_HRSS_701,21.259598,20.246427,0.019960,1.565913,0.019960
P384_NTRU_HRSS_701,27.336712,25.669865,0.020638,1.640365,0.020638
P384_NTRU_HRSS_701,26.607602,25.677403,0.020330,1.453794,0.020330
P384_NTRU_HRSS_701,26.395756,24.386228,0.036167,1.427406,0.036167
P384_NTRU_HRSS_701,24.734574,23.869624,0.020882,1.556609,0.020882
P384_NTRU_HRSS_701,29.379710,27.106057,0.073098,1.606338,0.073098
P384_NTRU_HRSS_701,24.425825,23.355946,0.024513,1.545385,0.024513
P384_NTRU_HRSS_701,23.358914,22.539361,0.035472,1.470192,0.035472
P384_NTRU_HRSS_701,25.735470,23.883355,0.020500,1.567998,0.020500
P384_NTRU_HRSS_701,25.707158,24.865307,0.050895,1.577842,0.050895
P384_NTRU_HRSS_701,30.152619,28.005290,0.019177,2.113799,0.019177
P384_NTRU_HRSS_701,26.756958,25.187909,0.024231,1.526180,0.024231
P384_NTRU_HRSS_701,26.460221,25.556343,0.025624,1.430267,0.025624
P384_NTRU_HRSS_701,21.364873,20.565365,0.024811,1.437142,0.024811
P384_NTRU_HRSS_701,25.455668,24.638432,0.033667,1.431687,0.033667
P384_NTRU_HRSS_701,26.787462,25.050905,0.018765,1.383349,0.018765
P384_NTRU_HRSS_701,26.430392,25.295261,0.024685,1.509308,0.024685
P384_NTRU_HRSS_701,22.959777,21.890618,0.022941,1.448591,0.022941
P384_NTRU_HRSS_701,22.891892,22.106649,0.018734,1.508699,0.018734
P384_NTRU_HRSS_701,14.695134,13.760425,0.011292,0.479518,0.011292
P384_NTRU_HRSS_701,26.575476,25.751160,0.032701,1.537814,0.032701
P384_NTRU_HRSS_701,18.077766,17.257653,0.023612,1.557341,0.023612
P384_NTRU_HRSS_701,24.897231,24.004498,0.026705,1.777566,0.026705
P384_NTRU_HRSS_701,23.613160,21.288582,0.018681,1.876020,0.018681
P384_NTRU_HRSS_701,26.428559,25.593702,0.018543,1.527843,0.018543
P384_NTRU_HRSS_701,25.474912,24.535705,0.022443,1.611109,0.022443
P384_NTRU_HRSS_701,26.504176,25.679964,0.019127,1.532737,0.019127
P384_NTRU_HRSS_701,26.615277,25.839451,0.022785,1.550795,0.022785
P384_NTRU_HRSS_701,29.383213,26.932216,0.037474,1.550085,0.037474
P384_NTRU_HRSS_701,24.011076,23.249533,0.025311,1.588945,0.025311
P384_NTRU_HRSS_701,23.124359,22.123488,0.029577,1.598449,0.029577
P384_NTRU_HRSS_701,20.749217,19.931625,0.018335,1.562909,0.018335
P384_NTRU_HRSS_701,27.113084,25.991791,0.024384,1.537340,0.024384
P384_NTRU_HRSS_701,23.585661,22.734702,0.050357,1.615971,0.050357
P384_NTRU_HRSS_701,21.102818,20.232611,0.043093,1.635896,0.043093
P384_NTRU_HRSS_701,25.694621,24.808942,0.033874,1.590226,0.033874
P384_NTRU_HRSS_701,23.017424,22.104884,0.020887,1.536872,0.020887
P384_NTRU_HRSS_701,23.076379,21.767455,0.023811,1.605228,0.023811
P384_NTRU_HRSS_701,30.334481,28.319855,0.021871,1.455190,0.021871
P384_NTRU_HRSS_701,25.718566,24.897159,0.022821,1.489698,0.022821
P384_NTRU_HRSS_701,27.319605,26.503072,0.022817,1.635136,0.022817
P384_NTRU_HRSS_701,27.449498,25.489430,0.032190,1.752066,0.032190
P384_NTRU_HRSS_701,27.648043,26.755655,0.040851,1.584598,0.040851
P384_NTRU_HRSS_701,26.281822,25.376841,0.018908,1.388784,0.018908
P384_NTRU_HRSS_701,22.028903,20.990341,0.020415,1.664834,0.020415
P384_NTRU_HRSS_701,23.333213,22.463498,0.025144,1.558757,0.025144
P384_NTRU_HRSS_701,24.039720,22.286636,0.021448,1.541152,0.021448
P384_NTRU_HRSS_701,20.884771,20.054905,0.034475,1.491119,0.034475
P384_NTRU_HRSS_701,19.935541,19.177909,0.019589,1.635605,0.019589
P384_NTRU_HRSS_701,19.954502,18.532568,0.012859,0.496281,0.012859
P384_NTRU_HRSS_701,16.875886,15.914647,0.019141,0.680698,0.019141
P384_NTRU_HRSS_701,23.264635,22.450934,0.020139,1.867861,0.020139
P384_NTRU_HRSS_701,26.229320,23.923492,0.019998,1.623645,0.019998
P384_NTRU_HRSS_701,21.141714,20.339005,0.020429,1.336336,0.020429
P384_NTRU_HRSS_701,18.211264,17.382454,0.018621,1.504249,0.018621
P384_NTRU_HRSS_701,23.187230,22.369384,0.022135,1.406938,0.022135
P384_NTRU_HRSS_701,21.005805,20.194556,0.040515,1.556000,0.040515
P384_NTRU_HRSS_701,27.110718,26.080868,0.024966,1.515101,0.024966
P384_NTRU_HRSS_701,23.713211,22.776653,0.026053,1.532204,0.026053
P384_NTRU_HRSS_701,25.224444,23.353746,0.020665,1.651651,0.020665
P384_NTRU_HRSS_701,24.485731,23.680726,0.027190,1.818050,0.027190
P384_NTRU_HRSS_701,22.080293,21.348287,0.027391,1.381734,0.027391
P384_NTRU_HRSS_701,25.993901,23.644717,0.019192,1.564206,0.019192
P384_NTRU_HRSS_701,26.560989,25.801818,0.021818,1.457751,0.021818
P384_NTRU_HRSS_701,25.924854,23.578874,0.023081,1.792210,0.023081
P384_NTRU_HRSS_701,24.171491,23.410626,0.020390,1.489767,0.020390
P384_NTRU_HRSS_701,24.630410,23.618677,0.033934,1.597651,0.033934
P384_NTRU_HRSS_701,22.776765,21.939382,0.019661,1.500837,0.019661
P384_NTRU_HRSS_701,24.254974,23.451390,0.024083,1.439889,0.024083
P384_NTRU_HRSS_701,26.500608,24.551443,0.020101,1.368025,0.020101
P384_NTRU_HRSS_701,21.152560,20.345026,0.023005,1.375378,0.023005
P384_NTRU_HRSS_701,23.382780,22.441375,0.026193,1.511184,0.026193
P384_NTRU_HRSS_701,25.653440,23.838152,0.023872,2.245279,0.023872
P384_NTRU_HRSS_701,27.494319,25.634166,0.021287,1.605209,0.021287
P384_NTRU_HRSS_701,25.412799,24.543744,0.019508,1.475629,0.019508
P384_NTRU_HRSS_701,26.922771,25.973343,0.021016,1.540455,0.021016
P384_NTRU_HRSS_701,23.919693,23.110027,0.036581,1.484473,0.036581
P384_NTRU_HRSS_701,26.217328,25.258879,0.039720,1.557757,0.039720
P384_NTRU_HRSS_701,23.419922,22.525520,0.018094,1.422156,0.018094
P384_NTRU_HRSS_701,31.875262,30.195406,0.020107,1.466279,0.020107
P384_NTRU_HRSS_701,15.033063,14.108925,0.011645,0.631150,0.011645
P384_NTRU_HRSS_701,23.163876,22.075009,0.025567,1.472820,0.025567
P384_NTRU_HRSS_701,27.548496,26.707589,0.019785,1.488125,0.019785
P384_NTRU_HRSS_701,21.016255,18.621180,0.016463,1.406210,0.016463
P384_NTRU_HRSS_701,21.664029,20.626820,0.021538,1.515021,0.021538
P384_NTRU_HRSS_701,27.100196,25.495232,0.019067,1.452201,0.019067
P384_NTRU_HRSS_701,22.440961,21.577431,0.038525,1.638096,0.038525
P384_NTRU_HRSS_701,25.717473,24.830189,0.026581,1.481540,0.026581
P384_NTRU_HRSS_701,24.676457,23.795089,0.035329,1.447573,0.035329
P384_NTRU_HRSS_701,23.877528,22.326430,0.025731,1.488551,0.025731
P384_NTRU_HRSS_701,27.452985,25.947673,0.018819,1.339924,0.018819
P384_NTRU_HRSS_701,22.408435,21.666928,0.024319,1.380294,0.024319
P384_NTRU_HRSS_701,22.231643,21.041243,0.031541,1.567638,0.031541
P384_NTRU_HRSS_701,22.189814,21.271967,0.018251,1.406964,0.018251
P384_NTRU_HRSS_701,20.795944,18.170458,0.019580,1.662299,0.019580
P384_NTRU_HRSS_701,21.995810,21.082014,0.018038,1.505471,0.018038
P384_NTRU_HRSS_701,26.540911,25.698951,0.048331,1.819594,0.048331
P384_NTRU_HRSS_701,20.784915,19.952839,0.024832,1.510546,0.024832
P384_NTRU_HRSS_701,29.298423,27.787749,0.019836,1.545487,0.019836
P384_NTRU_HRSS_701,22.923891,22.106669,0.019830,1.508155,0.019830
P384_NTRU_HRSS_701,23.584125,22.719090,0.042046,1.476101,0.042046
P384_NTRU_HRSS_701,25.718533,24.931233,0.035355,1.446991,0.035355
P384_NTRU_HRSS_701,24.215525,23.353058,0.022077,1.469988,0.022077
P384_NTRU_HRSS_701,26.753519,25.703059,0.020614,1.346137,0.020614
P384_NTRU_HRSS_701,18.402728,17.500329,0.021895,1.443394,0.021895
P384_NTRU_HRSS_701,21.742477,20.713931,0.018538,1.470541,0.018538
P384_NTRU_HRSS_701,24.838826,23.797013,0.035891,1.564367,0.035891
P384_NTRU_HRSS_701,27.410066,25.806269,0.022173,1.623405,0.022173
P384_NTRU_HRSS_701,24.800154,24.057744,0.022464,1.489478,0.022464
P384_NTRU_HRSS_701,20.498994,19.665334,0.019015,1.519519,0.019015
P384_NTRU_HRSS_701,17.790677,16.812342,0.015081,0.482140,0.015081
P384_NTRU_HRSS_701,23.312069,22.233297,0.014657,0.446584,0.014657
P384_NTRU_HRSS_701,17.957130,17.044187,0.017943,1.501316,0.017943
P384_NTRU_HRSS_701,20.202662,19.404220,0.022186,1.418211,0.022186
P384_NTRU_HRSS_701,22.697469,21.756610,0.021529,1.455143,0.021529
P384_NTRU_HRSS_701,26.220956,25.312565,0.018221,1.383128,0.018221
P384_NTRU_HRSS_701,27.207495,26.334781,0.018861,1.348043,0.018861
P384_NTRU_HRSS_701,21.580651,20.669536,0.024104,1.407971,0.024104
P384_NTRU_HRSS_701,22.758449,21.565083,0.024926,1.550896,0.024926
P384_NTRU_HRSS_701,26.419763,25.561021,0.039651,1.602734,0.039651
P384_NTRU_HRSS_701,20.488843,19.600186,0.018606,1.474257,0.018606
P384_NTRU_HRSS_701,23.441118,22.599571,0.023725,1.378986,0.023725
P384_NTRU_HRSS_701,21.692411,20.836439,0.098186,1.562106,0.098186
P384_NTRU_HRSS_701,18.098907,17.086650,0.018359,1.515530,0.018359
P384_NTRU_HRSS_701,23.261451,22.372157,0.020252,1.472105,0.020252
P384_NTRU_HRSS_701,26.187489,24.103874,0.020668,1.573664,0.020668
P384_NTRU_HRSS_701,18.917442,18.008346,0.018009,1.539348,0.018009
P384_NTRU_HRSS_701,27.566720,26.632121,0.022264,1.601989,0.022264
P384_NTRU_HRSS_701,25.195555,23.523125,0.023901,1.487975,0.023901
P384_NTRU_HRSS_701,28.644702,26.579697,0.028054,1.611890,0.028054
P384_NTRU_HRSS_701,27.037069,26.073731,0.024052,1.489650,0.024052
P384_NTRU_HRSS_701,22.203059,21.056247,0.020687,1.588994,0.020687
P384_NTRU_HRSS_701,23.352548,22.451245,0.022431,1.364656,0.022431
P384_NTRU_HRSS_701,28.655546,26.089527,0.021556,1.430786,0.021556
P384_NTRU_HRSS_701,27.986595,26.099503,0.026724,1.688517,0.026724
P384_NTRU_HRSS_701,26.366245,24.730266,0.019356,1.406726,0.019356
P384_NTRU_HRSS_701,26.809457,25.061842,0.018964,1.345412,0.018964
P384_NTRU_HRSS_701,24.590036,23.807833,0.019154,1.565203,0.019154
P384_NTRU_HRSS_701,25.412973,23.624678,0.032135,1.459935,0.032135
P384_NTRU_HRSS_701,27.398747,26.594630,0.021787,1.467705,0.021787
P384_NTRU_HRSS_701,26.963977,26.075590,0.023533,1.717694,0.023533
P384_NTRU_HRSS_701,17.844784,16.881366,0.012790,0.484854,0.012790
P384_NTRU_HRSS_701,25.394958,24.575488,0.028147,1.497966,0.028147
P384_NTRU_HRSS_701,21.126293,20.229900,0.020070,1.758799,0.020070
P384_NTRU_HRSS_701,23.810901,23.075677,0.021946,1.378098,0.021946
P384_NTRU_HRSS_701,21.659110,20.784166,0.020790,1.518746,0.020790
P384_NTRU_HRSS_701,21.795330,20.679621,0.021288,1.512522,0.021288
P384_NTRU_HRSS_701,25.892587,24.913196,0.036347,1.608923,0.036347
P384_NTRU_HRSS_701,22.914826,22.160910,0.019937,1.531136,0.019937
P384_NTRU_HRSS_701,25.700397,24.914234,0.028017,1.583961,0.028017
P384_NTRU_HRSS_701,26.320287,24.850333,0.018517,1.457713,0.018517
P384_NTRU_HRSS_701,25.206715,23.104857,0.019605,1.393993,0.019605
P384_NTRU_HRSS_701,28.686014,27.057453,0.024907,1.398361,0.024907
P384_NTRU_HRSS_701,28.081042,26.153214,0.026390,1.393613,0.026390
P384_NTRU_HRSS_701,19.893134,19.013018,0.018312,1.528325,0.018312
P384_NTRU_HRSS_701,23.382440,22.465953,0.018371,1.393492,0.018371
P384_NTRU_HRSS_701,23.365413,22.556153,0.048355,1.521878,0.048355
P384_NTRU_HRSS_701,23.167595,22.249531,0.037848,1.566115,0.037848
P384_NTRU_HRSS_701,32.283374,30.413136,0.035649,1.465645,0.035649
P384_NTRU_HRSS_701,24.959419,24.081083,0.018894,1.472462,0.018894
P384_NTRU_HRSS_701,33.081045,32.001169,0.019041,1.382013,0.019041
P384_NTRU_HRSS_701,25.675365,23.585029,0.020613,1.496348,0.020613
P384_NTRU_HRSS_701,27.713172,25.851455,0.044092,1.483023,0.044092
P384_NTRU_HRSS_701,24.315871,23.550177,0.019150,1.467231,0.019150
P384_NTRU_HRSS_701,22.658885,21.737954,0.018853,1.339713,0.018853
P384_NTRU_HRSS_701,23.874945,22.933712,0.024525,1.513665,0.024525
P384_NTRU_HRSS_701,26.652660,25.725674,0.020267,1.557402,0.020267
P384_NTRU_HRSS_701,22.966761,22.140922,0.017927,1.365529,0.017927
P384_NTRU_HRSS_701,21.113140,20.131509,0.038468,1.578873,0.038468
P384_NTRU_HRSS_701,25.608938,24.215515,0.019029,1.468653,0.019029
P384_NTRU_HRSS_701,26.658839,25.833638,0.023957,1.510932,0.023957
P384_NTRU_HRSS_701,19.265960,18.427928,0.016437,0.468477,0.016437
P384_NTRU_HRSS_701,15.918789,14.591526,0.016839,0.445869,0.016839
P384_NTRU_HRSS_701,26.847236,26.022987,0.042705,1.630302,0.042705
P384_NTRU_HRSS_701,20.518712,19.531875,0.027390,1.585619,0.027390
P384_NTRU_HRSS_701,26.191387,25.378606,0.018869,1.536726,0.018869
P384_NTRU_HRSS_701,14.929690,14.018884,0.013474,0.512016,0.013474
P384_NTRU_HRSS_701,25.290931,24.423435,0.020470,2.173255,0.020470
P384_NTRU_HRSS_701,21.506841,20.291957,0.022108,1.380850,0.022108
P384_NTRU_HRSS_701,24.886747,23.792530,0.034471,1.496627,0.034471
P384_NTRU_HRSS_701,27.669954,25.872553,0.022770,1.468696,0.022770
P384_NTRU_HRSS_701,21.751894,20.423249,0.022870,1.414639,0.022870
P384_NTRU_HRSS_701,26.209557,25.450567,0.035088,1.564037,0.035088
P384_NTRU_HRSS_701,23.023235,22.210690,0.035245,1.487007,0.035245
P384_NTRU_HRSS_701,19.673672,18.949669,0.034066,1.612278,0.034066
P384_NTRU_HRSS_701,20.582986,19.697710,0.019089,1.397947,0.019089
P384_NTRU_HRSS_701,18.853783,17.951252,0.029220,1.556358,0.029220
P384_NTRU_HRSS_701,23.146401,21.628916,0.033671,1.453466,0.033671
P384_NTRU_HRSS_701,27.232321,25.667131,0.037257,1.632391,0.037257
P384_NTRU_HRSS_701,22.441426,21.647919,0.024195,1.527565,0.024195
P384_NTRU_HRSS_701,19.846241,18.917619,0.018569,1.420543,0.018569
P384_NTRU_HRSS_701,22.261878,20.908334,0.021435,1.400509,0.021435
P384_NTRU_HRSS_701,25.453576,24.641079,0.038885,1.539681,0.038885
P384_NTRU_HRSS_701,29.307494,28.488091,0.025876,1.462954,0.025876
P384_NTRU_HRSS_701,27.445789,26.588320,0.042156,1.596042,0.042156
P384_NTRU_HRSS_701,20.812460,19.900606,0.018646,1.359675,0.018646
P384_NTRU_HRSS_701,29.503208,27.988400,0.022154,1.413085,0.022154
P384_NTRU_HRSS_701,25.616973,24.656783,0.024827,1.523111,0.024827
P384_NTRU_HRSS_701,23.498519,21.830726,0.019172,1.366107,0.019172
P384_NTRU_HRSS_701,22.989210,21.806797,0.023785,1.674357,0.023785
P384_NTRU_HRSS_701,25.749838,23.263316,0.024129,1.442024,0.024129
P384_NTRU_HRSS_701,26.570203,25.704929,0.041507,1.607726,0.041507
P384_NTRU_HRSS_701,15.495112,14.459452,0.020599,0.443180,0.020599
P384_NTRU_HRSS_701,21.046553,20.254407,0.018843,1.429789,0.018843
P384_NTRU_HRSS_701,24.804054,23.858750,0.018701,1.488090,0.018701
P384_NTRU_HRSS_701,22.622590,21.795654,0.029892,1.482994,0.029892
P384_NTRU_HRSS_701,20.882815,19.943808,0.022390,1.503489,0.022390
P384_NTRU_HRSS_701,27.687496,26.835930,0.035766,1.515909,0.035766
P384_NTRU_HRSS_701,22.827838,22.014915,0.019973,1.486243,0.019973
P384_NTRU_HRSS_701,26.095613,24.517813,0.024163,1.364307,0.024163
P384_NTRU_HRSS_701,22.364729,21.517233,0.017767,1.840452,0.017767
P384_NTRU_HRSS_701,24.157248,23.314821,0.024551,1.500184,0.024551
P384_NTRU_HRSS_701,23.826300,22.610245,0.018398,1.497429,0.018398
P384_NTRU_HRSS_701,20.001807,18.708024,0.022785,1.600425,0.022785
P384_NTRU_HRSS_701,29.232758,27.717589,0.017944,1.334930,0.017944
P384_NTRU_HRSS_701,21.595205,20.734466,0.021666,1.638208,0.021666
P384_NTRU_HRSS_701,25.483164,24.475577,0.021340,1.473881,0.021340
P384_NTRU_HRSS_701,27.322498,24.966823,0.018302,1.458178,0.018302
P384_NTRU_HRSS_701,22.369624,20.842633,0.018068,1.363153,0.018068
P384_NTRU_HRSS_701,26.553674,24.893273,0.020999,1.583838,0.020999
P384_NTRU_HRSS_701,23.979684,23.150613,0.037485,1.597905,0.037485
P384_NTRU_HRSS_701,22.304543,21.245511,0.029750,1.689498,0.029750
P384_NTRU_HRSS_701,27.093116,26.211067,0.019279,1.510641,0.019279
P384_NTRU_HRSS_701,21.415883,20.561566,0.021140,1.524074,0.021140
P384_NTRU_HRSS_701,23.163030,22.324898,0.019791,1.461052,0.019791
P384_NTRU_HRSS_701,16.025770,15.100786,0.006740,0.430279,0.006740
P384_NTRU_HRSS_701,27.146154,24.681257,0.019979,1.535045,0.019979
P384_NTRU_HRSS_701,26.930746,26.022380,0.022064,1.559969,0.022064
P384_NTRU_HRSS_701,20.910263,20.082207,0.018346,1.455657,0.018346
P384_NTRU_HRSS_701,29.853585,27.711362,0.018303,1.456605,0.018303
P384_NTRU_HRSS_701,28.533168,27.452104,0.023202,1.784869,0.023202
P384_NTRU_HRSS_701,22.768304,21.749819,0.031839,2.050537,0.031839
P384_NTRU_HRSS_701,17.182429,16.312289,0.015330,0.453533,0.015330
P384_NTRU_HRSS_701,16.247756,15.405564,0.014052,0.612758,0.014052
P384_NTRU_HRSS_701,23.444185,21.885151,0.019232,1.509417,0.019232
P384_NTRU_HRSS_701,24.669333,23.772085,0.018879,1.364227,0.018879
P384_NTRU_HRSS_701,21.755530,20.981721,0.018607,1.365590,0.018607
P384_NTRU_HRSS_701,15.767279,14.506808,0.015543,0.492999,0.015543
P384_NTRU_HRSS_701,31.807332,30.124219,0.021348,1.392320,0.021348
P384_NTRU_HRSS_701,26.052974,23.834825,0.035785,1.940749,0.035785
P384_NTRU_HRSS_701,24.993378,22.528001,0.022912,1.603766,0.022912
P384_NTRU_HRSS_701,24.005689,23.103950,0.023069,1.589194,0.023069
P384_NTRU_HRSS_701,36.072002,33.847589,0.034021,1.430612,0.034021
P384_NTRU_HRSS_701,24.930420,23.288344,0.019186,1.360805,0.019186
P384_NTRU_HRSS_701,34.497483,33.020357,0.022476,2.093911,0.022476
P384_NTRU_HRSS_701,25.745761,24.758982,0.022094,1.511739,0.022094
P384_NTRU_HRSS_701,24.393494,23.432332,0.019817,1.493761,0.019817
P384_NTRU_HRSS_701,24.529716,23.657824,0.019051,1.516988,0.019051
P384_NTRU_HRSS_701,26.581425,25.647521,0.033976,1.589021,0.033976
P384_NTRU_HRSS_701,24.037907,22.158899,0.028937,1.672790,0.028937
P384_NTRU_HRSS_701,22.739277,21.392161,0.024102,1.678034,0.024102
P384_NTRU_HRSS_701,23.941237,23.110674,0.047883,1.622179,0.047883
P384_NTRU_HRSS_701,23.007190,21.486633,0.033127,1.612113,0.033127
P384_NTRU_HRSS_701,22.376490,21.430530,0.026831,1.536088,0.026831
P384_NTRU_HRSS_701,21.627430,20.853589,0.028830,1.589126,0.028830
P384_NTRU_HRSS_701,24.785140,23.943621,0.032907,1.567630,0.032907
P384_NTRU_HRSS_701,29.659882,27.967831,0.043497,1.711305,0.043497
P384_NTRU_HRSS_701,25.206787,22.838102,0.020208,1.493858,0.020208
P384_NTRU_HRSS_701,24.834530,23.975575,0.019244,1.417256,0.019244
P384_NTRU_HRSS_701,23.010755,22.214351,0.018793,1.986128,0.018793
P384_NTRU_HRSS_701,20.500840,19.565252,0.018760,1.456447,0.018760
P384_NTRU_HRSS_701,31.140560,29.844838,0.041259,1.768677,0.041259
P384_NTRU_HRSS_701,17.561573,16.749390,0.022390,1.663311,0.022390
P384_NTRU_HRSS_701,16.580021,15.635938,0.020818,0.470108,0.020818
P384_NTRU_HRSS_701,23.908713,23.090218,0.029652,1.355211,0.029652
P384_NTRU_HRSS_701,22.787790,21.903024,0.019320,1.469177,0.019320
P384_NTRU_HRSS_701,28.227926,26.541857,0.018396,1.357564,0.018396
P384_NTRU_HRSS_701,20.828919,19.827408,0.021400,1.486630,0.021400
P384_NTRU_HRSS_701,26.310074,25.423224,0.018383,1.412065,0.018383
P384_NTRU_HRSS_701,31.821391,30.513131,0.020798,1.515529,0.020798
P384_NTRU_HRSS_701,23.994340,22.717506,0.020870,1.502205,0.020870
P384_NTRU_HRSS_701,23.280919,22.531120,0.020744,1.412601,0.020744
P384_NTRU_HRSS_701,21.210918,20.338983,0.024888,2.147378,0.024888
P384_NTRU_HRSS_701,23.577226,22.836177,0.035818,1.472149,0.035818
P384_NTRU_HRSS_701,31.653753,29.956108,0.036229,1.466755,0.036229
P384_NTRU_HRSS_701,21.248615,20.221043,0.035929,1.461788,0.035929
P384_NTRU_HRSS_701,28.732680,27.257469,0.023437,1.576712,0.023437
P384_NTRU_HRSS_701,25.899067,23.910594,0.017878,1.551640,0.017878
P384_NTRU_HRSS_701,21.799086,20.786272,0.023783,1.526936,0.023783
P384_NTRU_HRSS_701,27.997882,26.577465,0.018573,1.354165,0.018573
P384_NTRU_HRSS_701,25.639574,24.706459,0.024635,1.497406,0.024635
P384_NTRU_HRSS_701,22.047384,20.594956,0.024180,1.493841,0.024180
P384_NTRU_HRSS_701,21.114070,20.166366,0.034238,1.501259,0.034238
P384_NTRU_HRSS_701,21.132412,19.857295,0.018927,1.471069,0.018927
P384_NTRU_HRSS_701,32.737668,31.163141,0.017952,1.565962,0.017952
P384_NTRU_HRSS_701,22.241616,21.380345,0.039942,1.350503,0.039942
P384_NTRU_HRSS_701,27.517318,25.998215,0.020534,1.572165,0.020534
P384_NTRU_HRSS_701,22.138671,21.295083,0.018077,1.495992,0.018077
P384_NTRU_HRSS_701,26.627668,24.443133,0.025981,1.449632,0.025981
P384_NTRU_HRSS_701,25.254539,23.999308,0.024872,1.611656,0.024872
P384_NTRU_HRSS_701,25.440247,23.034468,0.018911,1.376084,0.018911
P384_NTRU_HRSS_701,22.166106,21.305181,0.023901,1.484554,0.023901
P384_NTRU_HRSS_701,22.115464,21.196049,0.037710,1.572291,0.037710
P384_NTRU_HRSS_701,20.675889,19.766889,0.008136,0.450565,0.008136
P384_NTRU_HRSS_701,16.012913,15.101810,0.008664,0.483295,0.008664
P384_NTRU_HRSS_701,23.233357,21.874617,0.022957,1.471591,0.022957
P384_NTRU_HRSS_701,27.294054,25.634359,0.035386,1.590802,0.035386
P384_NTRU_HRSS_701,24.250881,23.410404,0.020480,1.495978,0.020480
P384_NTRU_HRSS_701,17.284337,16.337474,0.009501,0.468062,0.009501
P384_NTRU_HRSS_701,23.826017,23.015792,0.019565,1.598202,0.019565
P384_NTRU_HRSS_701,21.491289,20.586790,0.020795,1.545751,0.020795
P384_NTRU_HRSS_701,21.703175,20.743051,0.024007,1.623811,0.024007
P384_NTRU_HRSS_701,21.976491,21.136946,0.036437,1.598798,0.036437
P384_NTRU_HRSS_701,28.132425,26.268561,0.021588,1.764275,0.021588
P384_NTRU_HRSS_701,21.136410,20.051074,0.035961,1.571912,0.035961
P384_NTRU_HRSS_701,20.988126,20.095422,0.021225,1.503964,0.021225
P384_NTRU_HRSS_701,26.025203,25.190695,0.022008,1.489668,0.022008
P384_NTRU_HRSS_701,24.068770,22.804398,0.020237,1.511810,0.020237
P384_NTRU_HRSS_701,21.692641,20.666514,0.034388,1.501417,0.034388
P384_NTRU_HRSS_701,25.138654,24.303627,0.018454,1.508967,0.018454
P384_NTRU_HRSS_701,27.298929,26.505092,0.018527,2.102607,0.018527
P384_NTRU_HRSS_701,25.201023,24.360053,0.023575,1.646048,0.023575
P384_NTRU_HRSS_701,23.548543,22.725084,0.040357,1.586742,0.040357
P384_NTRU_HRSS_701,23.807327,21.955901,0.022361,1.455724,0.022361
P384_NTRU_HRSS_701,22.245111,21.326608,0.018930,1.470957,0.018930
P384_NTRU_HRSS_701,26.178748,25.324144,0.038003,1.723778,0.038003
P384_NTRU_HRSS_701,24.165274,22.306544,0.020422,1.418330,0.020422
P384_NTRU_HRSS_701,32.469225,31.017101,0.024205,1.385474,0.024205
P384_NTRU_HRSS_701,25.107562,23.185140,0.020275,1.515510,0.020275
P384_NTRU_HRSS_701,23.013921,22.111117,0.031494,1.548716,0.031494
P384_NTRU_HRSS_701,21.819850,20.816257,0.020794,2.014662,0.020794
P384_NTRU_HRSS_701,24.727522,23.796158,0.037072,1.544976,0.037072
P384_NTRU_HRSS_701,26.449836,25.378850,0.023974,1.536155,0.023974
P384_NTRU_HRSS_701,24.010026,22.210584,0.023252,1.464963,0.023252
P384_NTRU_HRSS_701,16.941046,15.882765,0.007662,0.475076,0.007662
P384_NTRU_HRSS_701,23.466774,22.534253,0.021053,1.559718,0.021053
P384_NTRU_HRSS_701,25.381312,24.567343,0.033924,1.415825,0.033924
P384_NTRU_HRSS_701,28.562664,27.557696,0.057219,1.917643,0.057219
P384_NTRU_HRSS_701,25.591170,24.035469,0.023943,1.493064,0.023943
P384_NTRU_HRSS_701,23.148275,22.237933,0.026540,1.452709,0.026540
P384_NTRU_HRSS_701,23.335366,22.531315,0.026294,2.232499,0.026294
P384_NTRU_HRSS_701,26.975726,24.440299,0.019897,1.494460,0.019897
P384_NTRU_HRSS_701,23.101207,21.541963,0.021423,1.513197,0.021423
P384_NTRU_HRSS_701,21.438337,20.501735,0.023305,1.511551,0.023305
P384_NTRU_HRSS_701,26.458776,24.955177,0.020035,1.594653,0.020035
P384_NTRU_HRSS_701,21.810163,20.897464,0.041792,1.580928,0.041792
P384_NTRU_HRSS_701,21.777585,20.675203,0.034455,1.526620,0.034455
P384_NTRU_HRSS_701,28.169655,27.303375,0.026441,1.547921,0.026441
P384_NTRU_HRSS_701,27.258245,25.257193,0.018603,1.334706,0.018603
P384_NTRU_HRSS_701,27.772459,26.237989,0.033931,1.572110,0.033931
P384_NTRU_HRSS_701,23.972875,23.061798,0.019928,1.708391,0.019928
P384_NTRU_HRSS_701,22.174651,20.823405,0.022222,1.417424,0.022222
P384_NTRU_HRSS_701,22.778202,21.940145,0.020502,1.571896,0.020502
P384_NTRU_HRSS_701,26.745750,24.921853,0.037655,1.447562,0.037655
P384_NTRU_HRSS_701,27.535186,26.014778,0.021354,1.519804,0.021354
P384_NTRU_HRSS_701,30.654543,29.230850,0.019773,1.363449,0.019773
P384_NTRU_HRSS_701,23.314478,22.422687,0.020408,1.680938,0.020408
P384_NTRU_HRSS_701,27.343228,26.435397,0.038043,1.446991,0.038043
P384_NTRU_HRSS_701,21.697321,20.651215,0.018799,1.541081,0.018799
P384_NTRU_HRSS_701,22.834384,21.956514,0.018924,1.481421,0.018924
P384_NTRU_HRSS_701,23.757326,22.981078,0.022126,1.759371,0.022126
P384_NTRU_HRSS_701,27.651795,26.451233,0.025014,1.369949,0.025014
P384_NTRU_HRSS_701,22.552691,21.721056,0.038636,1.371534,0.038636
P384_NTRU_HRSS_701,21.054286,20.194530,0.039914,1.438491,0.039914
P384_NTRU_HRSS_701,19.616951,18.439017,0.013632,0.574279,0.013632
P384_NTRU_HRSS_701,22.602427,21.647752,0.011202,0.486396,0.011202
P384_NTRU_HRSS_701,25.441213,23.862919,0.018298,1.487337,0.018298
P384_NTRU_HRSS_701,27.821136,26.897940,0.018381,1.456663,0.018381
P384_NTRU_HRSS_701,26.415409,24.532245,0.022183,1.489368,0.022183
P384_NTRU_HRSS_701,30.049889,28.537235,0.022484,0.843364,0.022484
P384_NTRU_HRSS_701,20.004536,19.061706,0.006854,2.277128,0.006854
P384_NTRU_HRSS_701,25.613652,24.766747,0.019904,1.612345,0.019904
P384_NTRU_HRSS_701,18.715888,17.992435,0.030321,1.538481,0.030321
P384_NTRU_HRSS_701,23.628736,22.734717,0.018026,1.493966,0.018026
P384_NTRU_HRSS_701,27.559612,25.792440,0.019117,1.466072,0.019117
P384_NTRU_HRSS_701,23.480644,22.594805,0.018330,1.524035,0.018330
P384_NTRU_HRSS_701,21.719210,20.560314,0.034170,1.621283,0.034170
P384_NTRU_HRSS_701,29.950213,28.362394,0.018274,1.408492,0.018274
P384_NTRU_HRSS_701,31.086041,29.942884,0.017482,1.504604,0.017482
P384_NTRU_HRSS_701,23.679250,22.227750,0.017925,1.551830,0.017925
P384_NTRU_HRSS_701,27.393836,26.538179,0.020359,1.473644,0.020359
P384_NTRU_HRSS_701,27.828913,25.523219,0.021136,1.454974,0.021136
P384_NTRU_HRSS_701,27.701389,26.120313,0.021108,1.508569,0.021108
P384_NTRU_HRSS_701,28.527923,27.027206,0.038497,1.590731,0.038497
P384_NTRU_HRSS_701,21.556010,20.560049,0.020166,1.473331,0.020166
P384_NTRU_HRSS_701,25.821145,24.936879,0.017201,1.306398,0.017201
P384_NTRU_HRSS_701,24.882099,24.098598,0.025257,1.462122,0.025257
P384_NTRU_HRSS_701,26.364816,25.572190,0.020361,1.482213,0.020361
P384_NTRU_HRSS_701,23.015859,22.013861,0.029432,1.585394,0.029432
P384_NTRU_HRSS_701,22.885337,22.046694,0.026528,1.388504,0.026528
P384_NTRU_HRSS_701,25.630997,24.837856,0.018980,1.365967,0.018980
P384_NTRU_HRSS_701,25.070933,24.147971,0.020758,1.455195,0.020758
P384_NTRU_HRSS_701,23.564986,22.804229,0.018161,1.414861,0.018161
P384_NTRU_HRSS_701,21.637460,20.719547,0.020834,1.507847,0.020834
P384_NTRU_HRSS_701,25.208128,24.468822,0.036237,1.458662,0.036237
P384_NTRU_HRSS_701,18.896785,17.991306,0.021558,0.493135,0.021558
P384_NTRU_HRSS_701,26.778413,25.340591,0.018602,1.425420,0.018602
P384_NTRU_HRSS_701,22.620489,21.795350,0.018910,1.412737,0.018910
P384_NTRU_HRSS_701,25.313834,24.541578,0.020652,1.383719,0.020652
P384_NTRU_HRSS_701,26.848469,25.941538,0.037843,1.580258,0.037843
P384_NTRU_HRSS_701,21.037030,20.166747,0.040794,1.462973,0.040794
P384_NTRU_HRSS_701,31.840717,30.217813,0.020336,1.434806,0.020336
P384_NTRU_HRSS_701,26.356479,24.368459,0.018820,1.506025,0.018820
P384_NTRU_HRSS_701,21.021162,20.132953,0.020677,1.523041,0.020677
P384_NTRU_HRSS_701,27.402062,26.195148,0.048676,1.576090,0.048676
P384_NTRU_HRSS_701,25.353755,23.534341,0.035007,1.430052,0.035007
P384_NTRU_HRSS_701,26.907952,26.083823,0.018854,1.443039,0.018854
P384_NTRU_HRSS_701,23.397598,22.596150,0.018783,1.738933,0.018783
P384_NTRU_HRSS_701,25.439922,24.553588,0.025146,1.375305,0.025146
P384_NTRU_HRSS_701,28.328841,26.782613,0.020788,1.704767,0.020788
P384_NTRU_HRSS_701,27.587284,26.433389,0.019960,1.409819,0.019960
P384_NTRU_HRSS_701,22.333140,20.760202,0.050766,1.404415,0.050766
P384_NTRU_HRSS_701,23.756919,22.685640,0.067260,1.426092,0.067260
P384_NTRU_HRSS_701,29.071045,27.320561,0.023859,1.399507,0.023859
P384_NTRU_HRSS_701,24.967711,22.888854,0.020103,1.458600,0.020103
P384_NTRU_HRSS_701,23.342993,21.803157,0.019229,1.374155,0.019229
P384_NTRU_HRSS_701,25.829727,24.996073,0.041889,1.401560,0.041889
P384_NTRU_HRSS_701,29.897644,28.334068,0.019644,1.547863,0.019644
P384_NTRU_HRSS_701,26.836481,26.027003,0.020504,1.548383,0.020504
P384_NTRU_HRSS_701,26.008989,25.126070,0.019245,1.464774,0.019245
P384_NTRU_HRSS_701,21.236869,20.302699,0.019574,1.696403,0.019574
P384_NTRU_HRSS_701,28.741306,27.324349,0.019977,1.616828,0.019977
P384_NTRU_HRSS_701,29.214208,27.706488,0.021245,1.456224,0.021245
P384_NTRU_HRSS_701,22.362264,21.315966,0.024363,1.417398,0.024363
P384_NTRU_HRSS_701,22.923825,21.412375,0.022633,1.561478,0.022633
P384_NTRU_HRSS_701,16.767628,15.906557,0.007347,0.451278,0.007347
P384_NTRU_HRSS_701,30.777090,29.486712,0.024736,1.533301,0.024736
P384_NTRU_HRSS_701,27.319634,25.469846,0.024852,1.489995,0.024852
P384_NTRU_HRSS_701,35.001478,32.708730,0.020572,1.474878,0.020572
P384_NTRU_HRSS_701,26.038652,25.206182,0.019715,1.556610,0.019715
P384_NTRU_HRSS_701,21.704782,20.895115,0.017920,1.516746,0.017920
P384_NTRU_HRSS_701,23.061639,22.245240,0.036290,1.463365,0.036290
P384_NTRU_HRSS_701,31.835752,30.248957,0.029608,1.490293,0.029608
P384_NTRU_HRSS_701,23.761247,22.823937,0.019198,1.434297,0.019198
P384_NTRU_HRSS_701,21.442084,20.330684,0.018358,1.476377,0.018358
P384_NTRU_HRSS_701,23.672587,22.842450,0.037078,1.547923,0.037078
P384_NTRU_HRSS_701,22.114910,19.800412,0.018174,1.440841,0.018174
P384_NTRU_HRSS_701,28.407232,27.483395,0.020005,1.507818,0.020005
P384_NTRU_HRSS_701,25.087615,23.197015,0.021296,1.572999,0.021296
P384_NTRU_HRSS_701,24.617074,23.875013,0.021272,1.661764,0.021272
P384_NTRU_HRSS_701,32.318479,30.664832,0.018249,1.486729,0.018249
P384_NTRU_HRSS_701,27.566485,25.135351,0.019992,1.607825,0.019992
P384_NTRU_HRSS_701,26.951674,25.637254,0.035016,1.567962,0.035016
P384_NTRU_HRSS_701,25.661315,23.330261,0.019602,2.020290,0.019602
P384_NTRU_HRSS_701,27.620544,26.727611,0.023707,1.678640,0.023707
P384_NTRU_HRSS_701,25.711902,24.876871,0.023861,1.690150,0.023861
P384_NTRU_HRSS_701,21.258794,20.344099,0.018034,1.475663,0.018034
P384_NTRU_HRSS_701,22.676792,21.885369,0.020132,1.486557,0.020132
P384_NTRU_HRSS_701,24.299460,23.406862,0.018894,1.402599,0.018894
P384_NTRU_HRSS_701,25.099725,24.367356,0.047560,1.568427,0.047560
P384_NTRU_HRSS_701,25.570775,24.722688,0.021776,1.366162,0.021776
P384_NTRU_HRSS_701,20.666172,19.815066,0.019571,1.367953,0.019571
P384_NTRU_HRSS_701,27.356987,26.511609,0.036731,1.481733,0.036731
P384_NTRU_HRSS_701,23.467686,22.583717,0.036767,1.583784,0.036767
P384_NTRU_HRSS_701,22.003294,20.956718,0.019464,1.350169,0.019464
P384_NTRU_HRSS_701,25.745861,24.975129,0.021049,1.504851,0.021049
P384_NTRU_HRSS_701,18.893874,17.933167,0.006874,0.435393,0.006874
P384_NTRU_HRSS_701,25.225161,23.392796,0.046004,1.656991,0.046004
P384_NTRU_HRSS_701,27.211263,26.301082,0.046474,1.542053,0.046474
P384_NTRU_HRSS_701,21.664629,20.543624,0.021225,1.465846,0.021225
P384_NTRU_HRSS_701,29.275824,27.585175,0.020487,1.640171,0.020487
P384_NTRU_HRSS_701,23.122100,22.220969,0.021468,1.660712,0.021468
P384_NTRU_HRSS_701,26.502047,24.826742,0.035126,1.469900,0.035126
P384_NTRU_HRSS_701,24.782692,23.989348,0.020785,1.462701,0.020785
P384_NTRU_HRSS_701,25.591353,24.707117,0.021458,1.490591,0.021458
P384_NTRU_HRSS_701,22.612462,21.764870,0.033753,1.541825,0.033753
P384_NTRU_HRSS_701,25.213252,22.995515,0.027653,1.515948,0.027653
P384_NTRU_HRSS_701,24.318184,23.436976,0.023281,1.515082,0.023281
P384_NTRU_HRSS_701,22.255549,21.310339,0.017838,1.310919,0.017838
P384_NTRU_HRSS_701,25.564676,24.754136,0.020577,1.481975,0.020577
P384_NTRU_HRSS_701,22.890302,22.158892,0.025751,1.565953,0.025751
P384_NTRU_HRSS_701,24.643400,23.781494,0.023506,1.520468,0.023506
P384_NTRU_HRSS_701,26.112225,25.175480,0.018211,1.586296,0.018211
P384_NTRU_HRSS_701,23.210244,22.168107,0.019325,1.355305,0.019325
P384_NTRU_HRSS_701,32.678094,30.691179,0.022329,1.510542,0.022329
P384_NTRU_HRSS_701,17.875146,17.054715,0.018112,1.544141,0.018112
P384_NTRU_HRSS_701,29.712610,28.718142,0.019321,1.659543,0.019321
P384_NTRU_HRSS_701,33.325037,32.523837,0.037783,1.557750,0.037783
P384_NTRU_HRSS_701,33.212764,31.092331,0.022153,1.407868,0.022153
P384_NTRU_HRSS_701,27.902961,27.046489,0.020974,1.545545,0.020974
P384_NTRU_HRSS_701,26.268179,24.174140,0.019833,1.396742,0.019833
P384_NTRU_HRSS_701,21.731119,20.648223,0.043137,1.391108,0.043137
P384_NTRU_HRSS_701,36.175968,35.386143,0.023358,1.394053,0.023358
P384_NTRU_HRSS_701,24.906346,23.936456,0.020840,2.155365,0.020840
P384_NTRU_HRSS_701,21.581233,20.747117,0.037154,1.659921,0.037154
P384_NTRU_HRSS_701,26.302055,25.476401,0.018685,1.441043,0.018685
P384_NTRU_HRSS_701,22.261580,21.257093,0.013606,0.480898,0.013606
P384_NTRU_HRSS_701,42.524853,40.804775,0.018709,1.477838,0.018709
P384_NTRU_HRSS_701,30.522829,29.582589,0.020650,1.467612,0.020650
P384_NTRU_HRSS_701,27.106471,25.371190,0.022422,1.434001,0.022422
P384_NTRU_HRSS_701,23.185887,21.437335,0.017919,1.317692,0.017919
P384_NTRU_HRSS_701,21.876353,20.975573,0.023251,1.459508,0.023251
P384_NTRU_HRSS_701,26.067946,25.204145,0.024226,1.628340,0.024226
P384_NTRU_HRSS_701,31.059969,28.609451,0.023316,1.834716,0.023316
P384_NTRU_HRSS_701,23.694914,22.170097,0.024011,1.578505,0.024011
P384_NTRU_HRSS_701,24.840888,23.991154,0.039592,1.685275,0.039592
P384_NTRU_HRSS_701,30.736545,29.178595,0.040178,1.441686,0.040178
P384_NTRU_HRSS_701,27.354852,26.532695,0.022149,1.629066,0.022149
P384_NTRU_HRSS_701,23.680896,22.292359,0.027136,1.455965,0.027136
P384_NTRU_HRSS_701,23.115476,22.387427,0.037389,1.429153,0.037389
P384_NTRU_HRSS_701,24.974035,24.154377,0.034704,1.597574,0.034704
P384_NTRU_HRSS_701,25.258772,23.346148,0.020184,1.634841,0.020184
P384_NTRU_HRSS_701,27.232237,26.364301,0.039902,1.569931,0.039902
P384_NTRU_HRSS_701,24.802744,23.904031,0.021067,1.516675,0.021067
P384_NTRU_HRSS_701,24.010808,23.237571,0.024149,1.624865,0.024149
P384_NTRU_HRSS_701,19.282872,18.477153,0.024845,1.313368,0.024845
P384_NTRU_HRSS_701,18.455202,17.260988,0.021331,1.514244,0.021331
P384_NTRU_HRSS_701,23.024915,22.244480,0.020115,1.460203,0.020115
P384_NTRU_HRSS_701,26.484252,24.561400,0.021943,1.397692,0.021943
P384_NTRU_HRSS_701,22.369294,21.495940,0.020131,1.455951,0.020131
P384_NTRU_HRSS_701,25.184129,24.275117,0.018412,1.580517,0.018412
P384_NTRU_HRSS_701,25.729702,24.723943,0.025282,1.638963,0.025282
P384_NTRU_HRSS_701,30.491725,29.256777,0.021479,1.606335,0.021479
P384_NTRU_HRSS_701,26.062142,23.579212,0.022308,1.633215,0.022308
P384_NTRU_HRSS_701,22.369544,21.551629,0.020672,1.471155,0.020672
P384_NTRU_HRSS_701,21.156315,20.306260,0.019953,1.604370,0.019953
P384_NTRU_HRSS_701,16.672076,15.431687,0.016331,0.501245,0.016331
P384_NTRU_HRSS_701,15.660201,14.738374,0.011902,0.601884,0.011902
P384_NTRU_HRSS_701,33.531133,32.796368,0.021764,1.496088,0.021764
P384_NTRU_HRSS_701,27.693865,26.194070,0.019645,1.455368,0.019645
P384_NTRU_HRSS_701,23.388943,22.317611,0.020321,1.618701,0.020321
P384_NTRU_HRSS_701,23.863734,22.885869,0.020544,1.495247,0.020544
P384_NTRU_HRSS_701,27.790691,25.591876,0.035887,1.477135,0.035887
P384_NTRU_HRSS_701,26.267571,25.421632,0.020929,1.456128,0.020929
P384_NTRU_HRSS_701,26.427820,25.028192,0.018398,1.456825,0.018398
P384_NTRU_HRSS_701,21.936739,21.022770,0.034553,2.084209,0.034553
P384_NTRU_HRSS_701,27.598250,25.740235,0.021579,1.596926,0.021579
P384_NTRU_HRSS_701,24.283931,23.476681,0.017073,1.073507,0.017073
P384_NTRU_HRSS_701,25.594659,23.946356,0.037716,1.488871,0.037716
P384_NTRU_HRSS_701,23.634512,22.693663,0.018361,1.365917,0.018361
P384_NTRU_HRSS_701,22.359913,21.468473,0.020721,1.420671,0.020721
P384_NTRU_HRSS_701,23.027743,21.493867,0.021047,1.593589,0.021047
P384_NTRU_HRSS_701,26.048244,23.878094,0.022404,1.488662,0.022404
P384_NTRU_HRSS_701,23.770552,22.207845,0.021179,1.484866,0.021179
P384_NTRU_HRSS_701,31.153247,29.481803,0.018680,1.503598,0.018680
P384_NTRU_HRSS_701,20.715852,19.441368,0.021749,1.510993,0.021749
P384_NTRU_HRSS_701,26.732707,24.270164,0.020094,1.535125,0.020094
P384_NTRU_HRSS_701,23.209980,22.335421,0.019046,1.446978,0.019046
P384_NTRU_HRSS_701,26.045688,24.380824,0.018854,1.381916,0.018854
P384_NTRU_HRSS_701,23.664828,22.915388,0.022572,1.505091,0.022572
P384_NTRU_HRSS_701,24.168561,23.334665,0.024493,1.506468,0.024493
P384_NTRU_HRSS_701,22.968192,22.149155,0.023010,1.483136,0.023010
P384_NTRU_HRSS_701,31.419070,30.080190,0.020194,1.643155,0.020194
P384_NTRU_HRSS_701,20.181562,19.133724,0.017886,1.273217,0.017886
P384_NTRU_HRSS_701,19.633974,18.683337,0.020585,1.588415,0.020585
P384_NTRU_HRSS_701,23.154063,22.422155,0.069057,1.541009,0.069057
P384_NTRU_HRSS_701,22.780412,21.516901,0.019475,1.370541,0.019475
P384_NTRU_HRSS_701,19.105482,18.174397,0.014883,0.450697,0.014883
P384_NTRU_HRSS_701,22.622005,21.812179,0.018612,1.341750,0.018612
P384_NTRU_HRSS_701,25.669635,24.803453,0.018143,1.415931,0.018143
P384_NTRU_HRSS_701,27.545404,26.159827,0.022244,1.488602,0.022244
P384_NTRU_HRSS_701,22.754995,21.909825,0.018307,1.351388,0.018307
P384_NTRU_HRSS_701,29.981015,28.553933,0.036793,1.384151,0.036793
P384_NTRU_HRSS_701,23.020355,22.283549,0.018684,1.970402,0.018684
P384_NTRU_HRSS_701,20.966703,20.128400,0.018128,1.519797,0.018128
P384_NTRU_HRSS_701,25.206860,24.182257,0.033311,1.533341,0.033311
P384_NTRU_HRSS_701,25.290117,23.347794,0.020202,1.576898,0.020202
P384_NTRU_HRSS_701,27.261920,25.796666,0.019117,1.553406,0.019117
P384_NTRU_HRSS_701,26.416853,24.194896,0.019395,1.931061,0.019395
P384_NTRU_HRSS_701,26.301497,24.523032,0.040535,1.576599,0.040535
P384_NTRU_HRSS_701,24.491994,23.781626,0.018235,1.487379,0.018235
P384_NTRU_HRSS_701,24.723869,23.686025,0.040627,1.559352,0.040627
P384_NTRU_HRSS_701,31.289510,29.507624,0.035741,1.460191,0.035741
P384_NTRU_HRSS_701,26.678740,24.837293,0.034052,1.593334,0.034052
P384_NTRU_HRSS_701,29.481049,27.875781,0.021646,1.497510,0.021646
P384_NTRU_HRSS_701,27.226250,26.364105,0.022377,1.597201,0.022377
P384_NTRU_HRSS_701,25.754435,24.765542,0.024163,1.384665,0.024163
P384_NTRU_HRSS_701,22.173105,21.287302,0.018531,1.421153,0.018531
P384_NTRU_HRSS_701,24.219317,23.404941,0.019797,2.487872,0.019797
P384_NTRU_HRSS_701,27.906858,25.977661,0.020810,1.458679,0.020810
P384_NTRU_HRSS_701,24.274793,22.510284,0.018922,1.457804,0.018922
P384_NTRU_HRSS_701,17.718664,16.756548,0.018291,1.468700,0.018291
P384_NTRU_HRSS_701,25.897842,25.026168,0.022824,1.542019,0.022824
P384_NTRU_HRSS_701,25.579363,24.666140,0.064525,1.575686,0.064525
P384_NTRU_HRSS_701,27.507081,25.042234,0.036507,1.594737,0.036507
P384_NTRU_HRSS_701,22.860729,21.637120,0.020409,1.354515,0.020409
P384_NTRU_HRSS_701,23.738710,21.848379,0.023822,1.479998,0.023822
P384_NTRU_HRSS_701,15.982128,14.835748,0.008484,0.447835,0.008484
P384_NTRU_HRSS_701,17.127500,15.902409,0.014440,0.688275,0.014440
P384_NTRU_HRSS_701,29.030368,28.196747,0.020128,1.366795,0.020128
P384_NTRU_HRSS_701,27.956501,26.943080,0.022278,1.423025,0.022278
P384_NTRU_HRSS_701,34.810533,33.072391,0.019140,1.342819,0.019140
P384_NTRU_HRSS_701,28.043571,26.523172,0.033835,1.603391,0.033835
P384_NTRU_HRSS_701,30.438842,29.143627,0.018307,1.504713,0.018307
P384_NTRU_HRSS_701,34.485377,32.909510,0.021484,1.479167,0.021484
P384_NTRU_HRSS_701,26.877227,25.958331,0.021207,1.446678,0.021207
P384_NTRU_HRSS_701,21.138451,20.069913,0.035213,1.424866,0.035213
P384_NTRU_HRSS_701,19.250112,18.305105,0.021406,1.507421,0.021406
P384_NTRU_HRSS_701,21.658866,20.690931,0.069048,1.545634,0.069048
P384_NTRU_HRSS_701,35.263157,33.039225,0.020019,1.368875,0.020019
P384_NTRU_HRSS_701,26.668924,25.774049,0.021415,1.485928,0.021415
P384_NTRU_HRSS_701,27.828009,26.000424,0.018766,1.372947,0.018766
P384_NTRU_HRSS_701,31.622385,30.388658,0.034343,1.439622,0.034343
P384_NTRU_HRSS_701,22.868844,21.990079,0.020645,1.457439,0.020645
P384_NTRU_HRSS_701,27.032509,25.435361,0.021894,1.582696,0.021894
P384_NTRU_HRSS_701,26.694896,25.417898,0.047334,1.515304,0.047334
P384_NTRU_HRSS_701,27.633100,25.755797,0.018431,1.457575,0.018431
P384_NTRU_HRSS_701,27.239694,26.293156,0.038818,1.617001,0.038818
P384_NTRU_HRSS_701,24.262330,23.410499,0.019184,1.588796,0.019184
P384_NTRU_HRSS_701,26.207991,25.430922,0.037649,1.520833,0.037649
P384_NTRU_HRSS_701,27.612912,25.193803,0.018975,1.947107,0.018975
P384_NTRU_HRSS_701,21.310416,20.411826,0.050998,1.588103,0.050998
P384_NTRU_HRSS_701,27.856408,26.975314,0.037313,1.508619,0.037313
P384_NTRU_HRSS_701,24.208259,21.734265,0.018531,1.522833,0.018531
P384_NTRU_HRSS_701,21.980720,20.686408,0.018546,1.460706,0.018546
P384_NTRU_HRSS_701,20.529475,19.764775,0.019391,1.549910,0.019391
P384_NTRU_HRSS_701,26.414056,24.814926,0.020079,1.479225,0.020079
P384_NTRU_HRSS_701,23.982306,23.271398,0.020125,1.616667,0.020125
P384_NTRU_HRSS_701,19.160080,18.116345,0.009218,0.504537,0.009218
P384_NTRU_HRSS_701,32.636668,31.813957,0.020096,1.615430,0.020096
P384_NTRU_HRSS_701,22.925638,22.098966,0.020270,2.202925,0.020270
P384_NTRU_HRSS_701,20.354878,19.589530,0.018766,1.337297,0.018766
P384_NTRU_HRSS_701,22.722476,21.923434,0.018591,1.528975,0.018591
P384_NTRU_HRSS_701,26.540473,24.635909,0.035015,1.431274,0.035015
P384_NTRU_HRSS_701,23.061756,22.132178,0.019604,1.357134,0.019604
P384_NTRU_HRSS_701,21.180758,20.176658,0.023842,1.741991,0.023842
P384_NTRU_HRSS_701,24.420793,23.393423,0.022581,1.490182,0.022581
P384_NTRU_HRSS_701,25.658209,24.817115,0.039374,1.549896,0.039374
P384_NTRU_HRSS_701,21.877078,20.681885,0.024573,1.539728,0.024573
P384_NTRU_HRSS_701,23.445753,22.484726,0.038147,1.592388,0.038147
P384_NTRU_HRSS_701,22.652400,21.795361,0.018632,1.260701,0.018632
P384_NTRU_HRSS_701,26.337300,25.414831,0.038554,1.469908,0.038554
P384_NTRU_HRSS_701,24.062829,23.216196,0.034188,1.444159,0.034188
P384_NTRU_HRSS_701,20.920542,20.049939,0.021067,1.521223,0.021067
P384_NTRU_HRSS_701,24.281076,23.502653,0.021719,1.537513,0.021719
P384_NTRU_HRSS_701,20.492882,18.654453,0.017339,1.314628,0.017339
P384_NTRU_HRSS_701,23.442961,22.623610,0.027804,1.589194,0.027804
P384_NTRU_HRSS_701,21.856142,20.933323,0.019080,2.389339,0.019080
P384_NTRU_HRSS_701,22.488558,21.557583,0.020479,1.461012,0.020479
P384_NTRU_HRSS_701,31.526339,29.809859,0.018420,1.366730,0.018420
P384_NTRU_HRSS_701,26.201698,25.184498,0.021322,1.536153,0.021322
P384_NTRU_HRSS_701,19.230098,18.489266,0.029928,1.536412,0.029928
P384_NTRU_HRSS_701,27.707784,26.354287,0.018619,2.290979,0.018619
P384_NTRU_HRSS_701,21.039847,20.236514,0.024424,1.508143,0.024424
P384_NTRU_HRSS_701,25.627763,24.744091,0.021744,1.366788,0.021744
P384_NTRU_HRSS_701,23.502587,22.662805,0.020302,1.624717,0.020302
P384_NTRU_HRSS_701,24.331372,23.537615,0.021828,1.568836,0.021828
P384_NTRU_HRSS_701,20.040966,19.213340,0.018549,1.563777,0.018549
P384_NTRU_HRSS_701,14.582374,13.715951,0.010301,0.548176,0.010301
P384_NTRU_HRSS_701,19.485092,18.629390,0.007735,0.482669,0.007735
P384_NTRU_HRSS_701,29.532509,28.505389,0.033360,1.379457,0.033360
P384_NTRU_HRSS_701,30.682603,28.760475,0.036322,1.363857,0.036322
P384_NTRU_HRSS_701,17.524141,16.798472,0.020318,1.425199,0.020318
P384_NTRU_HRSS_701,21.146638,20.184094,0.021086,0.468365,0.021086
P384_NTRU_HRSS_701,24.514736,23.555723,0.034822,1.609932,0.034822
P384_NTRU_HRSS_701,27.384284,25.108071,0.020790,1.574347,0.020790
P384_NTRU_HRSS_701,35.948605,34.199549,0.019124,1.381529,0.019124
P384_NTRU_HRSS_701,18.578139,17.715052,0.021581,1.569612,0.021581
P384_NTRU_HRSS_701,22.600244,21.420109,0.021076,1.490855,0.021076
P384_NTRU_HRSS_701,21.398386,20.522035,0.019040,1.514942,0.019040
P384_NTRU_HRSS_701,26.484937,24.786844,0.035196,1.431188,0.035196
P384_NTRU_HRSS_701,26.245062,24.370985,0.035846,1.439747,0.035846
P384_NTRU_HRSS_701,23.107492,22.258923,0.020587,1.396112,0.020587
P384_NTRU_HRSS_701,22.280482,20.804875,0.038767,1.514116,0.038767
P384_NTRU_HRSS_701,30.975682,29.410558,0.030100,1.493426,0.030100
P384_NTRU_HRSS_701,28.099334,25.892039,0.020271,1.501906,0.020271
P384_NTRU_HRSS_701,28.286383,27.381515,0.031558,1.495657,0.031558
P384_NTRU_HRSS_701,23.383784,22.620924,0.018949,1.527973,0.018949
P384_NTRU_HRSS_701,22.605004,21.084631,0.019575,1.630041,0.019575
P384_NTRU_HRSS_701,24.377797,22.311629,0.033955,1.543206,0.033955
P384_NTRU_HRSS_701,27.597234,25.869694,0.051206,1.426642,0.051206
P384_NTRU_HRSS_701,35.123314,33.810862,0.045064,1.504928,0.045064
P384_NTRU_HRSS_701,23.887924,22.523679,0.021407,1.593580,0.021407
P384_NTRU_HRSS_701,26.754436,25.984326,0.022825,1.576401,0.022825
P384_NTRU_HRSS_701,26.103494,23.671632,0.022947,1.572166,0.022947
P384_NTRU_HRSS_701,31.110694,29.489655,0.019735,1.484630,0.019735
P384_NTRU_HRSS_701,22.613243,21.490753,0.019704,1.400191,0.019704
P384_NTRU_HRSS_701,21.077858,20.052530,0.020131,1.541071,0.020131
P384_NTRU_HRSS_701,23.288336,22.478472,0.020882,1.596869,0.020882
P384_NTRU_HRSS_701,14.993215,14.049698,0.008181,0.454682,0.008181
P384_NTRU_HRSS_701,21.123512,20.248298,0.019114,1.451233,0.019114
P384_NTRU_HRSS_701,23.662081,22.818149,0.018565,1.453018,0.018565
P384_NTRU_HRSS_701,28.772511,26.912049,0.019806,1.352899,0.019806
P384_NTRU_HRSS_701,25.465396,24.640665,0.021168,1.593843,0.021168
P384_NTRU_HRSS_701,22.346438,21.422584,0.018441,1.370252,0.018441
P384_NTRU_HRSS_701,23.039850,22.230747,0.024272,1.606339,0.024272
P384_NTRU_HRSS_701,25.954347,24.736633,0.021542,1.482283,0.021542
P384_NTRU_HRSS_701,26.171377,25.395826,0.022131,1.565079,0.022131
P384_NTRU_HRSS_701,26.548288,25.657679,0.021874,1.569823,0.021874
P384_NTRU_HRSS_701,20.301737,19.411418,0.021501,1.721816,0.021501
P384_NTRU_HRSS_701,26.633634,25.710464,0.034246,1.566985,0.034246
P384_NTRU_HRSS_701,23.513819,22.330857,0.039273,1.483389,0.039273
P384_NTRU_HRSS_701,26.673408,24.963408,0.023581,1.513230,0.023581
P384_NTRU_HRSS_701,21.517247,20.700193,0.022831,1.374195,0.022831
P384_NTRU_HRSS_701,25.524799,24.559660,0.022714,1.372112,0.022714
P384_NTRU_HRSS_701,27.600282,26.755507,0.020247,1.531519,0.020247
P384_NTRU_HRSS_701,27.415704,25.127014,0.021476,1.748263,0.021476
P384_NTRU_HRSS_701,21.059588,20.223735,0.021861,1.487197,0.021861
P384_NTRU_HRSS_701,27.693764,26.862451,0.023150,1.562002,0.023150
P384_NTRU_HRSS_701,25.249496,24.361612,0.026052,1.455474,0.026052
P384_NTRU_HRSS_701,20.739089,19.816531,0.021664,1.514527,0.021664
P384_NTRU_HRSS_701,23.524682,22.712547,0.019001,1.412785,0.019001
P384_NTRU_HRSS_701,26.443664,24.701615,0.019558,1.474107,0.019558
P384_NTRU_HRSS_701,21.615880,20.735692,0.020275,1.581580,0.020275
P384_NTRU_HRSS_701,21.179556,20.174137,0.018724,1.454713,0.018724
P384_NTRU_HRSS_701,22.949000,22.222665,0.021592,1.509639,0.021592
P384_NTRU_HRSS_701,23.465198,22.637986,0.019948,1.830186,0.019948
P384_NTRU_HRSS_701,22.682601,21.385552,0.019920,1.496415,0.019920
P384_NTRU_HRSS_701,24.538787,23.668158,0.037123,1.748075,0.037123
P384_NTRU_HRSS_701,26.737248,25.791320,0.037417,1.525854,0.037417
P384_NTRU_HRSS_701,21.017282,20.126825,0.018215,1.384030,0.018215
P384_NTRU_HRSS_701,23.871035,22.316827,0.024905,1.879547,0.024905
P384_NTRU_HRSS_701,27.317083,26.282843,0.030896,1.718295,0.030896
P384_NTRU_HRSS_701,28.535687,27.200176,0.033078,1.579486,0.033078
P384_NTRU_HRSS_701,26.808043,25.077644,0.038314,1.406414,0.038314
P384_NTRU_HRSS_701,25.562162,24.761313,0.025019,1.514345,0.025019
P384_NTRU_HRSS_701,23.721410,22.252582,0.019474,1.616163,0.019474
P384_NTRU_HRSS_701,26.293242,25.447721,0.034685,1.531358,0.034685
P384_NTRU_HRSS_701,22.637461,21.727173,0.018531,1.335373,0.018531
P384_NTRU_HRSS_701,22.815753,21.871361,0.022862,1.751303,0.022862
P384_NTRU_HRSS_701,27.100384,26.355395,0.040880,1.409919,0.040880
P384_NTRU_HRSS_701,26.880487,24.559724,0.022257,1.606633,0.022257
P384_NTRU_HRSS_701,15.102271,14.161092,0.013607,0.671860,0.013607
P384_NTRU_HRSS_701,35.429647,34.596644,0.024893,1.512777,0.024893
P384_NTRU_HRSS_701,25.505705,23.133163,0.037026,1.462134,0.037026
P384_NTRU_HRSS_701,19.677593,18.822821,0.018541,1.487698,0.018541
P384_NTRU_HRSS_701,17.871448,17.142500,0.022649,1.553980,0.022649
P384_NTRU_HRSS_701,28.907987,28.084685,0.024223,1.563266,0.024223
P384_NTRU_HRSS_701,22.851556,21.943960,0.022135,1.615216,0.022135
P384_NTRU_HRSS_701,26.308678,25.141639,0.028228,1.445219,0.028228
P384_NTRU_HRSS_701,23.103866,22.369139,0.024652,1.436001,0.024652
P384_NTRU_HRSS_701,26.074005,23.767834,0.025428,1.701839,0.025428
P384_NTRU_HRSS_701,19.502901,18.629555,0.020110,1.440910,0.020110
P384_NTRU_HRSS_701,26.952741,25.702339,0.018084,1.343198,0.018084
P384_NTRU_HRSS_701,21.462993,20.428899,0.021410,1.475746,0.021410
P384_NTRU_HRSS_701,23.183761,22.246147,0.019862,1.483616,0.019862
P384_NTRU_HRSS_701,25.755741,24.520866,0.028416,1.537007,0.028416
P384_NTRU_HRSS_701,21.336750,20.438765,0.030061,1.577390,0.030061
P384_NTRU_HRSS_701,26.022612,25.310090,0.023301,1.472607,0.023301
P384_NTRU_HRSS_701,22.763170,21.858681,0.020130,1.565564,0.020130
P384_NTRU_HRSS_701,22.743504,21.800311,0.022359,1.534988,0.022359
P384_NTRU_HRSS_701,21.209610,20.419059,0.019739,1.601775,0.019739
P384_NTRU_HRSS_701,25.335015,24.139227,0.020107,1.550655,0.020107
P384_NTRU_HRSS_701,23.834757,23.006150,0.036857,1.506035,0.036857
P384_NTRU_HRSS_701,22.621180,21.850255,0.022373,1.427294,0.022373
P384_NTRU_HRSS_701,28.915663,27.128278,0.019293,1.473518,0.019293
P384_NTRU_HRSS_701,18.263385,17.461778,0.023043,1.555263,0.023043
P384_NTRU_HRSS_701,26.605520,25.844964,0.018716,1.563364,0.018716
P384_NTRU_HRSS_701,28.347853,26.077172,0.020598,1.547027,0.020598
P384_NTRU_HRSS_701,21.983601,20.847054,0.020806,1.680674,0.020806
P384_NTRU_HRSS_701,27.093533,26.048871,0.023193,1.528098,0.023193
P384_NTRU_HRSS_701,19.027537,17.803879,0.010518,0.565752,0.010518
P384_NTRU_HRSS_701,19.028553,18.200038,0.007334,0.509366,0.007334
P384_NTRU_HRSS_701,15.539688,14.342560,0.007048,0.450235,0.007048
P384_NTRU_HRSS_701,21.358457,20.448107,0.045680,1.515382,0.045680
P384_NTRU_HRSS_701,25.653392,24.739107,0.035244,1.438967,0.035244
P384_NTRU_HRSS_701,23.368549,22.441317,0.021579,2.228610,0.021579
P384_NTRU_HRSS_701,26.944669,26.133715,0.020372,1.604861,0.020372
P384_NTRU_HRSS_701,27.030150,26.200757,0.034325,1.472726,0.034325
P384_NTRU_HRSS_701,21.009346,20.055080,0.018970,1.457424,0.018970
P384_NTRU_HRSS_701,22.049475,21.220257,0.018554,1.430517,0.018554
P384_NTRU_HRSS_701,24.012800,23.196265,0.019007,1.363734,0.019007
P384_NTRU_HRSS_701,24.975033,23.819275,0.019526,1.490105,0.019526
P384_NTRU_HRSS_701,27.060641,26.135702,0.022803,1.550565,0.022803
P384_NTRU_HRSS_701,26.175002,24.506425,0.024249,1.572622,0.024249
P384_NTRU_HRSS_701,21.815710,20.996182,0.021532,1.395954,0.021532
P384_NTRU_HRSS_701,21.663943,20.754152,0.019289,2.193618,0.019289
P384_NTRU_HRSS_701,26.795074,25.781795,0.034499,1.522706,0.034499
P384_NTRU_HRSS_701,24.548947,23.529101,0.018628,1.584167,0.018628
P384_NTRU_HRSS_701,23.809660,21.926797,0.020349,1.463274,0.020349
P384_NTRU_HRSS_701,30.195835,28.679857,0.019462,1.361988,0.019462
P384_NTRU_HRSS_701,24.127975,23.181137,0.019141,1.884676,0.019141
P384_NTRU_HRSS_701,26.679479,25.829570,0.049122,1.752149,0.049122
P384_NTRU_HRSS_701,23.626624,22.748005,0.022976,1.357488,0.022976
P384_NTRU_HRSS_701,23.977719,22.558812,0.026327,1.443803,0.026327
P384_NTRU_HRSS_701,26.069797,25.146049,0.037365,1.551088,0.037365
P384_NTRU_HRSS_701,25.490419,23.439316,0.020428,1.476621,0.020428
P384_NTRU_HRSS_701,26.641454,25.769764,0.045652,1.603985,0.045652
P384_NTRU_HRSS_701,26.061371,25.143411,0.019362,1.365192,0.019362
P384_NTRU_HRSS_701,26.291729,25.170062,0.024295,1.601787,0.024295
P384_NTRU_HRSS_701,23.306745,21.785150,0.040131,1.462542,0.040131
P384_NTRU_HRSS_701,23.959900,23.072631,0.022508,1.365516,0.022508
P384_NTRU_HRSS_701,24.204930,23.413302,0.018876,1.330492,0.018876
P384_NTRU_HRSS_701,15.201335,14.047408,0.008573,0.607924,0.008573
P384_NTRU_HRSS_701,21.337784,19.901927,0.021236,1.499483,0.021236
P384_NTRU_HRSS_701,29.416725,27.446639,0.019966,1.524734,0.019966
P384_NTRU_HRSS_701,25.248721,23.214366,0.021293,1.506218,0.021293
P384_NTRU_HRSS_701,25.384592,24.484969,0.023655,1.661851,0.023655
P384_NTRU_HRSS_701,32.145111,31.005705,0.021459,1.537726,0.021459
P384_NTRU_HRSS_701,22.771311,21.596133,0.018583,1.484841,0.018583
P384_NTRU_HRSS_701,24.277310,23.395570,0.018811,1.634679,0.018811
P384_NTRU_HRSS_701,20.392808,18.667463,0.023658,1.720904,0.023658
P384_NTRU_HRSS_701,19.095466,18.264035,0.020559,1.572088,0.020559
P384_NTRU_HRSS_701,24.039191,23.153247,0.022192,1.373578,0.022192
P384_NTRU_HRSS_701,27.306535,26.081027,0.019088,1.525401,0.019088
P384_NTRU_HRSS_701,21.183470,20.328495,0.018248,1.371571,0.018248
P384_NTRU_HRSS_701,25.023550,24.141489,0.021278,1.536460,0.021278
P384_NTRU_HRSS_701,22.181075,19.532851,0.034285,1.703474,0.034285
P384_NTRU_HRSS_701,29.153837,27.491154,0.026430,1.551936,0.026430
P384_NTRU_HRSS_701,26.403976,24.052422,0.026985,1.569562,0.026985
P384_NTRU_HRSS_701,26.383422,25.512960,0.038593,1.452956,0.038593
P384_NTRU_HRSS_701,23.856774,22.218397,0.020898,1.468450,0.020898
P384_NTRU_HRSS_701,21.754703,20.839001,0.018438,1.381534,0.018438
P384_NTRU_HRSS_701,24.089361,23.196226,0.042734,1.610230,0.042734
P384_NTRU_HRSS_701,23.143745,22.217172,0.019327,1.384534,0.019327
P384_NTRU_HRSS_701,28.532719,26.867937,0.020015,1.430466,0.020015
P384_NTRU_HRSS_701,23.279149,22.164701,0.024762,1.487148,0.024762
P384_NTRU_HRSS_701,21.526216,20.697320,0.040858,1.647112,0.040858
P384_NTRU_HRSS_701,14.959331,14.073984,0.013645,0.602575,0.013645
P384_NTRU_HRSS_701,27.111015,24.782735,0.028136,1.620785,0.028136
P384_NTRU_HRSS_701,21.861025,21.109461,0.018372,1.565986,0.018372
P384_NTRU_HRSS_701,24.331706,23.284619,0.018283,1.463514,0.018283
P384_NTRU_HRSS_701,27.714411,26.026731,0.020562,1.341097,0.020562
P384_NTRU_HRSS_701,15.993856,15.145898,0.007320,0.479744,0.007320
P384_NTRU_HRSS_701,14.602810,13.744215,0.013889,0.447809,0.013889
P384_NTRU_HRSS_701,27.465026,26.587096,0.035078,1.435080,0.035078
P384_NTRU_HRSS_701,24.844751,22.907848,0.019752,1.473991,0.019752
P384_NTRU_HRSS_701,23.150925,22.234897,0.019816,1.450420,0.019816
P384_NTRU_HRSS_701,21.223185,19.827344,0.024636,1.417487,0.024636
P384_NTRU_HRSS_701,39.243422,38.202908,0.028697,1.706644,0.028697
P384_NTRU_HRSS_701,26.868432,26.032299,0.022275,1.545169,0.022275
P384_NTRU_HRSS_701,20.450722,19.518927,0.023309,1.389258,0.023309
P384_NTRU_HRSS_701,21.751482,20.874229,0.019684,1.380522,0.019684
P384_NTRU_HRSS_701,23.504850,22.416668,0.039473,1.473014,0.039473
P384_NTRU_HRSS_701,22.994434,22.037876,0.021292,1.531750,0.021292
P384_NTRU_HRSS_701,23.765542,22.830183,0.019000,1.551385,0.019000
P384_NTRU_HRSS_701,23.462916,20.947030,0.022272,1.512373,0.022272
P384_NTRU_HRSS_701,24.144596,23.299209,0.021889,1.615122,0.021889
P384_NTRU_HRSS_701,21.741388,20.903862,0.020447,1.505261,0.020447
P384_NTRU_HRSS_701,21.026665,20.121168,0.022106,1.548311,0.022106
P384_NTRU_HRSS_701,22.991871,22.148755,0.020243,1.647837,0.020243
P384_NTRU_HRSS_701,25.908058,25.129664,0.030810,1.576789,0.030810
P384_NTRU_HRSS_701,24.650165,23.788285,0.018849,1.534894,0.018849
P384_NTRU_HRSS_701,25.392200,23.589901,0.022686,1.495305,0.022686
P384_NTRU_HRSS_701,22.134252,21.225503,0.019139,1.395070,0.019139
P384_NTRU_HRSS_701,23.452013,22.637339,0.038777,1.931122,0.038777
P384_NTRU_HRSS_701,24.065018,23.047714,0.020032,1.478320,0.020032
P384_NTRU_HRSS_701,22.491279,21.696725,0.034697,1.508523,0.034697
P384_NTRU_HRSS_701,27.215118,25.333024,0.021931,1.687181,0.021931
P384_NTRU_HRSS_701,24.280020,23.467780,0.018920,1.389254,0.018920
P384_NTRU_HRSS_701,23.158960,22.349972,0.035641,1.435352,0.035641
P384_NTRU_HRSS_701,25.766725,24.747626,0.018064,1.376446,0.018064
P384_NTRU_HRSS_701,31.922797,30.440886,0.035782,1.563615,0.035782
P384_NTRU_HRSS_701,21.291729,20.414872,0.019966,1.652705,0.019966
P384_NTRU_HRSS_701,17.299595,16.338688,0.013204,0.546247,0.013204
P384_NTRU_HRSS_701,24.129843,23.336377,0.019099,1.602498,0.019099
P384_NTRU_HRSS_701,25.606434,23.665676,0.019254,1.423592,0.019254
P384_NTRU_HRSS_701,30.155375,28.690286,0.035989,1.390297,0.035989
P384_NTRU_HRSS_701,22.235365,21.088371,0.015988,0.830492,0.015988
P384_NTRU_HRSS_701,32.055669,31.144250,0.022822,1.452658,0.022822
P384_NTRU_HRSS_701,31.665855,29.876769,0.033797,1.615799,0.033797
P384_NTRU_HRSS_701,33.079404,32.224961,0.035395,1.443141,0.035395
P384_NTRU_HRSS_701,26.180550,24.746496,0.021945,1.496744,0.021945
P384_NTRU_HRSS_701,32.071692,29.903417,0.029557,1.451084,0.029557
P384_NTRU_HRSS_701,29.662158,28.160398,0.020044,1.414129,0.020044
P384_NTRU_HRSS_701,31.362338,30.224597,0.021193,2.453947,0.021193
P384_NTRU_HRSS_701,20.609891,19.744524,0.035335,1.447442,0.035335
P384_NTRU_HRSS_701,31.469756,30.099485,0.019784,1.462816,0.019784
P384_NTRU_HRSS_701,19.081741,18.196830,0.019242,1.480063,0.019242
P384_NTRU_HRSS_701,26.489885,25.664500,0.022303,1.338020,0.022303
P384_NTRU_HRSS_701,26.938198,25.548329,0.028859,1.553333,0.028859
P384_NTRU_HRSS_701,23.510021,22.651174,0.018260,1.483755,0.018260
P384_NTRU_HRSS_701,23.364950,22.491832,0.021925,1.523821,0.021925
P384_NTRU_HRSS_701,23.537587,21.783621,0.020934,1.479674,0.020934
P384_NTRU_HRSS_701,28.712132,27.104569,0.021070,1.549408,0.021070
P384_NTRU_HRSS_701,25.033381,24.221811,0.027660,1.673860,0.027660
P384_NTRU_HRSS_701,22.777661,21.878820,0.020894,1.502083,0.020894
P384_NTRU_HRSS_701,25.510873,24.682113,0.022422,1.351115,0.022422
P384_NTRU_HRSS_701,20.767214,20.029528,0.021443,1.476902,0.021443
P384_NTRU_HRSS_701,22.430335,21.620350,0.018933,1.418110,0.018933
P384_NTRU_HRSS_701,27.064586,26.234046,0.018119,1.488177,0.018119
P384_NTRU_HRSS_701,21.158870,20.197025,0.019854,1.431965,0.019854
P384_NTRU_HRSS_701,23.600292,22.569093,0.019033,1.399096,0.019033
P384_NTRU_HRSS_701,26.493123,24.445945,0.021379,1.655420,0.021379
P384_NTRU_HRSS_701,26.282402,25.462415,0.021152,1.480356,0.021152
P384_NTRU_HRSS_701,25.971366,25.092489,0.025898,1.629288,0.025898
P384_NTRU_HRSS_701,24.927576,23.322927,0.021093,1.518793,0.021093
P384_NTRU_HRSS_701,27.742818,26.134806,0.018055,1.445181,0.018055
P384_NTRU_HRSS_701,23.937389,23.064911,0.019813,1.502590,0.019813
P384_NTRU_HRSS_701,21.746658,20.293925,0.021685,1.466125,0.021685
P384_NTRU_HRSS_701,15.894040,15.053026,0.007621,0.450129,0.007621
P384_NTRU_HRSS_701,22.061247,21.019160,0.023705,1.536781,0.023705
P384_NTRU_HRSS_701,27.675254,26.873943,0.020287,1.755047,0.020287
P384_NTRU_HRSS_701,20.656586,19.819434,0.019627,1.502397,0.019627
P384_NTRU_HRSS_701,22.038814,20.872532,0.020419,1.465758,0.020419
P384_NTRU_HRSS_701,35.898784,34.995064,0.020180,1.465997,0.020180
P384_NTRU_HRSS_701,26.137453,25.300341,0.021966,1.450708,0.021966
P384_NTRU_HRSS_701,31.841328,30.210832,0.019679,1.447827,0.019679
P384_NTRU_HRSS_701,20.888909,19.904993,0.019761,1.500899,0.019761
P384_NTRU_HRSS_701,26.056652,25.166443,0.021109,1.493837,0.021109
P384_NTRU_HRSS_701,27.965991,25.670322,0.023550,1.484951,0.023550
P384_NTRU_HRSS_701,27.445542,24.998136,0.021871,1.489802,0.021871
P384_NTRU_HRSS_701,25.289285,23.737385,0.020502,1.463700,0.020502
P384_NTRU_HRSS_701,23.531861,22.481937,0.021981,1.560842,0.021981
P384_NTRU_HRSS_701,29.448607,27.871245,0.024094,1.542366,0.024094
P384_NTRU_HRSS_701,25.531426,24.772768,0.029981,1.695110,0.029981
P384_NTRU_HRSS_701,26.780590,25.936795,0.036960,1.519721,0.036960
P384_NTRU_HRSS_701,27.469047,25.402984,0.020792,1.620083,0.020792
P384_NTRU_HRSS_701,26.680140,24.854822,0.018768,1.469088,0.018768
P384_NTRU_HRSS_701,22.608927,21.281223,0.034550,1.561575,0.034550
P384_NTRU_HRSS_701,26.640752,25.771954,0.019624,1.361236,0.019624
P384_NTRU_HRSS_701,23.368225,22.352781,0.028909,1.567422,0.028909
P384_NTRU_HRSS_701,21.938580,21.010047,0.020318,1.357381,0.020318
P384_NTRU_HRSS_701,21.400031,20.569403,0.024382,1.468573,0.024382
P384_NTRU_HRSS_701,24.115796,23.125890,0.023927,1.423941,0.023927
P384_NTRU_HRSS_701,21.582818,20.766026,0.026771,1.681225,0.026771
P384_NTRU_HRSS_701,22.527720,21.441244,0.020366,1.590375,0.020366
P384_NTRU_HRSS_701,24.346992,22.546687,0.036637,1.776383,0.036637
P384_NTRU_HRSS_701,24.482509,22.614479,0.021763,1.410121,0.021763
P384_NTRU_HRSS_701,25.203898,24.329939,0.022290,1.360152,0.022290
P384_NTRU_HRSS_701,23.020741,22.235633,0.018714,1.425738,0.018714
P384_NTRU_HRSS_701,15.632078,14.679840,0.008882,0.666255,0.008882
P384_NTRU_HRSS_701,31.457240,29.774525,0.022717,1.374180,0.022717
P384_NTRU_HRSS_701,19.861273,18.134587,0.020712,1.432711,0.020712
P384_NTRU_HRSS_701,26.322376,25.512482,0.024138,1.577613,0.024138
P384_NTRU_HRSS_701,26.649281,25.296096,0.020175,1.615338,0.020175
P384_NTRU_HRSS_701,23.875782,23.057847,0.017728,1.533061,0.017728
P384_NTRU_HRSS_701,24.831666,23.945524,0.020013,1.402131,0.020013
P384_NTRU_HRSS_701,24.202808,23.385211,0.023655,1.471879,0.023655
P384_NTRU_HRSS_701,25.443841,24.730042,0.018265,1.432731,0.018265
P384_NTRU_HRSS_701,29.419170,27.002325,0.036668,1.683341,0.036668
P384_NTRU_HRSS_701,21.762498,20.364070,0.024947,1.619272,0.024947
P384_NTRU_HRSS_701,31.361835,29.924908,0.019622,1.417289,0.019622
P384_NTRU_HRSS_701,23.575238,22.613769,0.018705,1.476107,0.018705
P384_NTRU_HRSS_701,22.074904,21.097926,0.020263,1.363540,0.020263
P384_NTRU_HRSS_701,25.308614,24.476278,0.020574,1.538143,0.020574
P384_NTRU_HRSS_701,26.123079,25.324012,0.018864,1.525768,0.018864
P384_NTRU_HRSS_701,24.547982,23.697754,0.020902,1.511857,0.020902
P384_NTRU_HRSS_701,27.102146,24.675493,0.021725,1.517818,0.021725
P384_NTRU_HRSS_701,21.118561,20.130957,0.037774,1.475135,0.037774
P384_NTRU_HRSS_701,26.385586,24.253065,0.023327,1.468485,0.023327
P384_NTRU_HRSS_701,25.384617,24.597375,0.024365,1.346168,0.024365
P384_NTRU_HRSS_701,25.291605,24.417656,0.023772,1.497884,0.023772
P384_NTRU_HRSS_701,21.702639,20.720339,0.025223,1.521652,0.025223
P384_NTRU_HRSS_701,23.231123,22.345490,0.021957,1.631287,0.021957
P384_NTRU_HRSS_701,23.175171,22.363061,0.039864,1.513840,0.039864
P384_NTRU_HRSS_701,24.309150,23.493987,0.033314,1.578362,0.033314
P384_NTRU_HRSS_701,28.300992,26.704464,0.034377,1.587913,0.034377
P384_NTRU_HRSS_701,22.443623,21.582482,0.022287,1.696256,0.022287
P384_NTRU_HRSS_701,23.471576,22.637699,0.020188,1.465864,0.020188
P384_NTRU_HRSS_701,24.219317,23.343385,0.024062,1.483596,0.024062
P384_NTRU_HRSS_701,15.472698,14.582798,0.008458,0.509554,0.008458
P384_NTRU_HRSS_701,21.521392,19.956657,0.049578,0.885307,0.049578
P384_NTRU_HRSS_701,18.530054,17.453229,0.024069,1.481001,0.024069
P384_NTRU_HRSS_701,26.978703,25.687675,0.027435,1.687208,0.027435
P384_NTRU_HRSS_701,25.994909,25.012684,0.021011,1.602512,0.021011
P384_NTRU_HRSS_701,25.073585,24.152061,0.021047,1.070208,0.021047
P384_NTRU_HRSS_701,31.206416,30.437619,0.019842,1.400000,0.019842
P384_NTRU_HRSS_701,22.675238,21.823493,0.021440,1.513282,0.021440
P384_NTRU_HRSS_701,19.663592,18.873431,0.018408,1.526027,0.018408
P384_NTRU_HRSS_701,23.174182,22.367532,0.022337,1.379851,0.022337
P384_NTRU_HRSS_701,27.469191,26.723857,0.018932,1.435245,0.018932
P384_NTRU_HRSS_701,23.982621,22.391396,0.018463,1.479663,0.018463
P384_NTRU_HRSS_701,19.912185,18.997337,0.020609,1.516202,0.020609
P384_NTRU_HRSS_701,26.774378,25.961722,0.045864,1.615849,0.045864
P384_NTRU_HRSS_701,20.617604,19.558976,0.034063,1.453188,0.034063
P384_NTRU_HRSS_701,24.764526,23.965626,0.023091,1.503203,0.023091
P384_NTRU_HRSS_701,22.834633,21.935626,0.020117,1.498253,0.020117
P384_NTRU_HRSS_701,29.502943,27.790309,0.018836,1.462430,0.018836
P384_NTRU_HRSS_701,29.883888,28.253712,0.030163,1.697764,0.030163
