algo,fullProtocolTiming,sendAppTiming,processServerHelloTiming,writeClientHelloTiming,processServerHelloTiming
P384_NTRU_HPS_2048_677,21.009933,21.009787,0.014596,18.684543,0.014596
P384_NTRU_HPS_2048_677,20.689259,20.689047,0.023361,17.737288,0.023361
P384_NTRU_HPS_2048_677,20.686679,20.686554,0.028618,18.571769,0.028618
P384_NTRU_HPS_2048_677,21.999998,21.999788,0.021631,18.148974,0.021631
P384_NTRU_HPS_2048_677,23.284330,23.283938,0.033420,18.574464,0.033420
P384_NTRU_HPS_2048_677,21.300479,21.300094,0.010311,18.903568,0.010311
P384_NTRU_HPS_2048_677,21.777132,21.776888,0.020221,18.528492,0.020221
P384_NTRU_HPS_2048_677,17.811591,17.811484,0.008320,15.594162,0.008320
P384_NTRU_HPS_2048_677,18.352694,18.352580,0.007922,16.265376,0.007922
P384_NTRU_HPS_2048_677,19.909592,19.909477,0.012359,17.677002,0.012359
P384_NTRU_HPS_2048_677,23.605929,23.605809,0.009250,21.003898,0.009250
P384_NTRU_HPS_2048_677,19.683606,19.683446,0.010468,17.484441,0.010468
P384_NTRU_HPS_2048_677,26.206120,26.206005,0.016503,23.703732,0.016503
P384_NTRU_HPS_2048_677,23.247806,23.247684,0.024848,21.260956,0.024848
P384_NTRU_HPS_2048_677,22.613081,22.612969,0.017853,20.433185,0.017853
P384_NTRU_HPS_2048_677,19.207778,19.207611,0.011954,16.609464,0.011954
P384_NTRU_HPS_2048_677,23.506730,23.506362,0.011057,21.234953,0.011057
P384_NTRU_HPS_2048_677,21.520550,21.520413,0.017611,19.017539,0.017611
P384_NTRU_HPS_2048_677,20.937296,20.936993,0.008143,18.623930,0.008143
P384_NTRU_HPS_2048_677,23.121800,23.121592,0.022359,18.724466,0.022359
P384_NTRU_HPS_2048_677,20.232544,20.232399,0.008208,18.180722,0.008208
P384_NTRU_HPS_2048_677,18.610509,18.610238,0.013208,15.663167,0.013208
P384_NTRU_HPS_2048_677,25.828234,25.827946,0.020995,20.673710,0.020995
P384_NTRU_HPS_2048_677,24.517396,24.516987,0.008648,21.692233,0.008648
P384_NTRU_HPS_2048_677,24.054983,24.054533,0.029359,17.956756,0.029359
P384_NTRU_HPS_2048_677,22.801029,22.800910,0.016317,20.754504,0.016317
P384_NTRU_HPS_2048_677,26.206517,26.206157,0.021168,20.101902,0.021168
P384_NTRU_HPS_2048_677,19.458185,19.458061,0.008941,17.318089,0.008941
P384_NTRU_HPS_2048_677,20.903524,20.903361,0.019285,18.369041,0.019285
P384_NTRU_HPS_2048_677,26.285618,26.285253,0.027311,20.472241,0.027311
P384_NTRU_HPS_2048_677,18.963825,18.963610,0.014979,15.883038,0.014979
P384_NTRU_HPS_2048_677,20.186150,20.185903,0.015459,17.599826,0.015459
P384_NTRU_HPS_2048_677,22.203057,22.202573,0.022806,17.692023,0.022806
P384_NTRU_HPS_2048_677,23.567708,23.567432,0.022661,18.885032,0.022661
P384_NTRU_HPS_2048_677,20.680619,20.680500,0.019579,18.492312,0.019579
P384_NTRU_HPS_2048_677,19.602995,19.602712,0.015817,17.410277,0.015817
P384_NTRU_HPS_2048_677,24.812498,24.812225,0.021084,19.697064,0.021084
P384_NTRU_HPS_2048_677,23.314165,23.313819,0.009447,20.292163,0.009447
P384_NTRU_HPS_2048_677,21.606346,21.606011,0.019263,18.352031,0.019263
P384_NTRU_HPS_2048_677,18.664512,18.664301,0.018341,15.555117,0.018341
P384_NTRU_HPS_2048_677,23.129577,23.129464,0.020149,21.105694,0.020149
P384_NTRU_HPS_2048_677,20.361493,20.361272,0.010209,17.799086,0.010209
P384_NTRU_HPS_2048_677,23.035171,23.034904,0.018013,18.473285,0.018013
P384_NTRU_HPS_2048_677,17.963219,17.963118,0.011426,15.664334,0.011426
P384_NTRU_HPS_2048_677,20.570908,20.570799,0.024360,18.356399,0.024360
P384_NTRU_HPS_2048_677,23.881031,23.880719,0.023858,18.701524,0.023858
P384_NTRU_HPS_2048_677,24.192844,24.192564,0.023261,20.527498,0.023261
P384_NTRU_HPS_2048_677,18.373317,18.373119,0.011226,15.862413,0.011226
P384_NTRU_HPS_2048_677,20.517408,20.517178,0.015304,17.788799,0.015304
P384_NTRU_HPS_2048_677,24.269235,24.269114,0.010420,22.102390,0.010420
P384_NTRU_HPS_2048_677,26.347689,26.347310,0.023174,19.816279,0.023174
P384_NTRU_HPS_2048_677,24.830391,24.830062,0.020427,19.279972,0.020427
P384_NTRU_HPS_2048_677,27.780709,27.780504,0.021198,23.629850,0.021198
P384_NTRU_HPS_2048_677,20.546947,20.546736,0.017453,17.147366,0.017453
P384_NTRU_HPS_2048_677,24.597504,24.597074,0.034822,19.993669,0.034822
P384_NTRU_HPS_2048_677,28.942681,28.942437,0.018672,24.646562,0.018672
P384_NTRU_HPS_2048_677,22.426381,22.425975,0.029501,18.337642,0.029501
P384_NTRU_HPS_2048_677,18.938822,18.938702,0.017969,16.217171,0.017969
P384_NTRU_HPS_2048_677,20.925190,20.925086,0.008304,18.439775,0.008304
P384_NTRU_HPS_2048_677,24.152216,24.151826,0.024696,18.435416,0.024696
P384_NTRU_HPS_2048_677,20.277336,20.277070,0.023527,16.834731,0.023527
P384_NTRU_HPS_2048_677,20.966466,20.966352,0.015192,18.793793,0.015192
P384_NTRU_HPS_2048_677,23.558498,23.558206,0.025515,18.143273,0.025515
P384_NTRU_HPS_2048_677,21.347051,21.346732,0.020845,17.707100,0.020845
P384_NTRU_HPS_2048_677,27.509662,27.509292,0.030781,22.392491,0.030781
P384_NTRU_HPS_2048_677,24.086301,24.086180,0.014214,21.807968,0.014214
P384_NTRU_HPS_2048_677,18.243327,18.243212,0.008437,16.146021,0.008437
P384_NTRU_HPS_2048_677,18.522343,18.522193,0.018892,15.939898,0.018892
P384_NTRU_HPS_2048_677,24.189111,24.188719,0.024857,20.127251,0.024857
P384_NTRU_HPS_2048_677,23.558353,23.558247,0.019879,21.369074,0.019879
P384_NTRU_HPS_2048_677,24.543485,24.543161,0.040766,19.275072,0.040766
P384_NTRU_HPS_2048_677,23.385132,23.385018,0.017151,21.312548,0.017151
P384_NTRU_HPS_2048_677,22.998659,22.998525,0.015783,20.698540,0.015783
P384_NTRU_HPS_2048_677,19.802512,19.802365,0.025536,17.096666,0.025536
P384_NTRU_HPS_2048_677,17.821116,17.820997,0.020948,15.108023,0.020948
P384_NTRU_HPS_2048_677,24.593473,24.593055,0.021475,20.774379,0.021475
P384_NTRU_HPS_2048_677,22.494233,22.494023,0.017507,19.670737,0.017507
P384_NTRU_HPS_2048_677,28.125108,28.124815,0.031213,22.731655,0.031213
P384_NTRU_HPS_2048_677,24.443642,24.443317,0.054676,20.053826,0.054676
P384_NTRU_HPS_2048_677,21.343624,21.343328,0.023084,17.932301,0.023084
P384_NTRU_HPS_2048_677,26.161513,26.161173,0.021031,21.211035,0.021031
P384_NTRU_HPS_2048_677,30.673369,30.673033,0.026550,25.628920,0.026550
P384_NTRU_HPS_2048_677,26.119983,26.119682,0.025294,20.032271,0.025294
P384_NTRU_HPS_2048_677,23.474521,23.474362,0.009836,21.441712,0.009836
P384_NTRU_HPS_2048_677,29.110965,29.110708,0.018110,24.804222,0.018110
P384_NTRU_HPS_2048_677,25.277433,25.277115,0.023190,18.848943,0.023190
P384_NTRU_HPS_2048_677,28.818787,28.818480,0.018953,24.278581,0.018953
P384_NTRU_HPS_2048_677,17.864319,17.864211,0.010335,15.771682,0.010335
P384_NTRU_HPS_2048_677,20.911751,20.911626,0.009458,18.691477,0.009458
P384_NTRU_HPS_2048_677,17.682410,17.682292,0.007726,15.503837,0.007726
P384_NTRU_HPS_2048_677,26.561175,26.560900,0.023692,21.771601,0.023692
P384_NTRU_HPS_2048_677,17.802500,17.802386,0.013474,15.674851,0.013474
P384_NTRU_HPS_2048_677,20.506887,20.506555,0.023817,16.634199,0.023817
P384_NTRU_HPS_2048_677,24.873951,24.873661,0.020281,19.785786,0.020281
P384_NTRU_HPS_2048_677,26.822433,26.822125,0.022265,21.690944,0.022265
P384_NTRU_HPS_2048_677,25.008732,25.008352,0.016576,22.302104,0.016576
P384_NTRU_HPS_2048_677,18.875513,18.875348,0.008287,16.840271,0.008287
P384_NTRU_HPS_2048_677,23.471511,23.471132,0.022726,17.878593,0.022726
P384_NTRU_HPS_2048_677,17.829263,17.829157,0.019717,15.607708,0.019717
P384_NTRU_HPS_2048_677,30.404735,30.404328,0.023165,23.834507,0.023165
P384_NTRU_HPS_2048_677,23.183982,23.183669,0.021532,18.228555,0.021532
P384_NTRU_HPS_2048_677,24.236844,24.236727,0.011462,21.699185,0.011462
P384_NTRU_HPS_2048_677,17.320338,17.320214,0.011533,15.201665,0.011533
P384_NTRU_HPS_2048_677,19.829298,19.829160,0.007580,17.664345,0.007580
P384_NTRU_HPS_2048_677,20.997586,20.997442,0.021169,18.360399,0.021169
P384_NTRU_HPS_2048_677,19.515077,19.514871,0.016684,16.412351,0.016684
P384_NTRU_HPS_2048_677,19.411680,19.411545,0.009224,17.042797,0.009224
P384_NTRU_HPS_2048_677,23.092046,23.091759,0.010242,20.797812,0.010242
P384_NTRU_HPS_2048_677,17.322355,17.322234,0.009893,15.204362,0.009893
P384_NTRU_HPS_2048_677,26.190645,26.190441,0.019680,21.995932,0.019680
P384_NTRU_HPS_2048_677,21.807588,21.807157,0.026510,17.971105,0.026510
P384_NTRU_HPS_2048_677,19.628061,19.627898,0.013425,15.590783,0.013425
P384_NTRU_HPS_2048_677,19.901678,19.901563,0.008446,17.715365,0.008446
P384_NTRU_HPS_2048_677,24.662773,24.662435,0.021902,19.450368,0.021902
P384_NTRU_HPS_2048_677,24.558007,24.557721,0.043882,19.985464,0.043882
P384_NTRU_HPS_2048_677,22.476337,22.476223,0.018171,20.302757,0.018171
P384_NTRU_HPS_2048_677,19.270831,19.270641,0.028514,16.152547,0.028514
P384_NTRU_HPS_2048_677,19.126586,19.126475,0.020164,17.112694,0.020164
P384_NTRU_HPS_2048_677,22.043821,22.043661,0.014749,19.247653,0.014749
P384_NTRU_HPS_2048_677,19.517536,19.517317,0.025590,16.024098,0.025590
P384_NTRU_HPS_2048_677,20.669432,20.669325,0.014097,18.548888,0.014097
P384_NTRU_HPS_2048_677,19.677441,19.677303,0.021418,17.276821,0.021418
P384_NTRU_HPS_2048_677,23.291842,23.291521,0.027877,18.485648,0.027877
P384_NTRU_HPS_2048_677,20.546654,20.546309,0.011813,17.786207,0.011813
P384_NTRU_HPS_2048_677,18.985468,18.985298,0.016753,16.505860,0.016753
P384_NTRU_HPS_2048_677,23.670393,23.670220,0.028445,20.443149,0.028445
P384_NTRU_HPS_2048_677,24.786912,24.786804,0.012212,22.375284,0.012212
P384_NTRU_HPS_2048_677,18.106386,18.106212,0.014645,15.411983,0.014645
P384_NTRU_HPS_2048_677,22.441385,22.441271,0.012004,20.340950,0.012004
P384_NTRU_HPS_2048_677,21.600638,21.600501,0.020044,19.073724,0.020044
P384_NTRU_HPS_2048_677,21.028087,21.027868,0.018072,18.893430,0.018072
P384_NTRU_HPS_2048_677,21.946045,21.945933,0.014919,19.962933,0.014919
P384_NTRU_HPS_2048_677,18.102546,18.102386,0.017390,15.687022,0.017390
P384_NTRU_HPS_2048_677,22.984257,22.984138,0.010041,20.766913,0.010041
P384_NTRU_HPS_2048_677,26.363094,26.362768,0.025196,22.414006,0.025196
P384_NTRU_HPS_2048_677,24.793524,24.793143,0.028517,19.147481,0.028517
P384_NTRU_HPS_2048_677,25.637585,25.637262,0.021026,21.146459,0.021026
P384_NTRU_HPS_2048_677,27.535971,27.535748,0.019035,22.653164,0.019035
P384_NTRU_HPS_2048_677,19.488149,19.488029,0.007564,17.287295,0.007564
P384_NTRU_HPS_2048_677,26.106363,26.105925,0.008370,22.543747,0.008370
P384_NTRU_HPS_2048_677,20.778627,20.778489,0.008454,18.711948,0.008454
P384_NTRU_HPS_2048_677,20.342087,20.341831,0.018893,17.242579,0.018893
P384_NTRU_HPS_2048_677,21.091420,21.091251,0.027423,18.536368,0.027423
P384_NTRU_HPS_2048_677,23.771429,23.771035,0.009470,21.566751,0.009470
P384_NTRU_HPS_2048_677,27.412787,27.412449,0.020194,21.732116,0.020194
P384_NTRU_HPS_2048_677,23.715322,23.714890,0.011920,20.788610,0.011920
P384_NTRU_HPS_2048_677,22.293648,22.293271,0.010579,19.913096,0.010579
P384_NTRU_HPS_2048_677,19.318382,19.318164,0.013486,15.699446,0.013486
P384_NTRU_HPS_2048_677,23.131175,23.130910,0.018483,18.567685,0.018483
P384_NTRU_HPS_2048_677,26.482094,26.481692,0.022166,20.348634,0.022166
P384_NTRU_HPS_2048_677,17.845673,17.845559,0.007689,15.699295,0.007689
P384_NTRU_HPS_2048_677,18.348769,18.348654,0.018045,16.170106,0.018045
P384_NTRU_HPS_2048_677,18.700158,18.700034,0.016444,16.226188,0.016444
P384_NTRU_HPS_2048_677,22.556362,22.556259,0.017584,20.468523,0.017584
P384_NTRU_HPS_2048_677,26.250729,26.250498,0.023857,21.960988,0.023857
P384_NTRU_HPS_2048_677,19.386982,19.386867,0.014145,17.291320,0.014145
P384_NTRU_HPS_2048_677,20.252361,20.252096,0.016174,16.495307,0.016174
P384_NTRU_HPS_2048_677,21.590865,21.590600,0.042353,17.240478,0.042353
P384_NTRU_HPS_2048_677,25.509788,25.509523,0.020480,19.879684,0.020480
P384_NTRU_HPS_2048_677,17.958583,17.958454,0.008365,15.661370,0.008365
P384_NTRU_HPS_2048_677,20.093019,20.092737,0.018763,17.255024,0.018763
P384_NTRU_HPS_2048_677,27.121520,27.121132,0.023951,20.464902,0.023951
P384_NTRU_HPS_2048_677,23.100912,23.100798,0.020811,21.059172,0.020811
P384_NTRU_HPS_2048_677,24.277741,24.277443,0.017741,20.868203,0.017741
P384_NTRU_HPS_2048_677,20.285009,20.284797,0.020502,17.463248,0.020502
P384_NTRU_HPS_2048_677,29.839631,29.839365,0.016210,25.564254,0.016210
P384_NTRU_HPS_2048_677,20.901148,20.901039,0.022142,18.781625,0.022142
P384_NTRU_HPS_2048_677,19.054043,19.053846,0.018007,16.685493,0.018007
P384_NTRU_HPS_2048_677,20.887160,20.887011,0.010028,18.538538,0.010028
P384_NTRU_HPS_2048_677,18.719473,18.719323,0.016035,16.070100,0.016035
P384_NTRU_HPS_2048_677,21.534771,21.534656,0.008284,19.390834,0.008284
P384_NTRU_HPS_2048_677,21.554060,21.553921,0.016724,19.125662,0.016724
P384_NTRU_HPS_2048_677,25.231251,25.230916,0.017249,20.097744,0.017249
P384_NTRU_HPS_2048_677,21.415257,21.415140,0.019832,19.280234,0.019832
P384_NTRU_HPS_2048_677,23.680634,23.680331,0.022471,18.320812,0.022471
P384_NTRU_HPS_2048_677,18.788445,18.788273,0.019736,15.867011,0.019736
P384_NTRU_HPS_2048_677,25.701149,25.700717,0.018023,20.611286,0.018023
P384_NTRU_HPS_2048_677,23.864796,23.864646,0.025351,17.989727,0.025351
P384_NTRU_HPS_2048_677,18.984695,18.984485,0.016391,15.514966,0.016391
P384_NTRU_HPS_2048_677,23.485079,23.484959,0.018869,21.208691,0.018869
P384_NTRU_HPS_2048_677,25.663961,25.663478,0.019959,20.522932,0.019959
P384_NTRU_HPS_2048_677,26.671889,26.671595,0.019704,22.077409,0.019704
P384_NTRU_HPS_2048_677,23.473959,23.473669,0.016848,20.163825,0.016848
P384_NTRU_HPS_2048_677,17.636461,17.636341,0.017351,15.563868,0.017351
P384_NTRU_HPS_2048_677,19.825017,19.824753,0.016076,15.822655,0.016076
P384_NTRU_HPS_2048_677,21.670854,21.670695,0.010253,18.898429,0.010253
P384_NTRU_HPS_2048_677,17.978996,17.978876,0.007923,15.763803,0.007923
P384_NTRU_HPS_2048_677,23.322859,23.322702,0.008638,21.306510,0.008638
P384_NTRU_HPS_2048_677,18.485285,18.485175,0.014306,16.286900,0.014306
P384_NTRU_HPS_2048_677,18.703364,18.703150,0.012285,15.274278,0.012285
P384_NTRU_HPS_2048_677,27.812169,27.811975,0.020473,23.869587,0.020473
P384_NTRU_HPS_2048_677,26.518256,26.517858,0.020986,21.851275,0.020986
P384_NTRU_HPS_2048_677,17.492995,17.492877,0.014781,15.405528,0.014781
P384_NTRU_HPS_2048_677,20.604560,20.604340,0.010704,18.192670,0.010704
P384_NTRU_HPS_2048_677,23.111814,23.111657,0.008075,21.046531,0.008075
P384_NTRU_HPS_2048_677,21.743565,21.743184,0.017637,17.508407,0.017637
P384_NTRU_HPS_2048_677,17.712397,17.712279,0.008517,15.531157,0.008517
P384_NTRU_HPS_2048_677,29.101950,29.101711,0.015871,24.533292,0.015871
P384_NTRU_HPS_2048_677,21.989871,21.989559,0.020309,17.232332,0.020309
P384_NTRU_HPS_2048_677,25.496400,25.496041,0.024709,20.109725,0.024709
P384_NTRU_HPS_2048_677,20.956624,20.956473,0.011614,18.333419,0.011614
P384_NTRU_HPS_2048_677,22.401467,22.401353,0.015662,20.308696,0.015662
P384_NTRU_HPS_2048_677,19.328384,19.328268,0.009924,17.062575,0.009924
P384_NTRU_HPS_2048_677,22.187365,22.187251,0.008683,20.185262,0.008683
P384_NTRU_HPS_2048_677,23.044988,23.044866,0.013539,20.858998,0.013539
P384_NTRU_HPS_2048_677,23.076804,23.076318,0.008964,20.643705,0.008964
P384_NTRU_HPS_2048_677,25.939071,25.938670,0.029666,19.565239,0.029666
P384_NTRU_HPS_2048_677,25.426603,25.426195,0.029840,20.864507,0.029840
P384_NTRU_HPS_2048_677,21.205618,21.205496,0.019737,18.919625,0.019737
P384_NTRU_HPS_2048_677,18.167008,18.166819,0.012009,15.386004,0.012009
P384_NTRU_HPS_2048_677,25.087035,25.086719,0.025411,20.312904,0.025411
P384_NTRU_HPS_2048_677,21.536251,21.536082,0.008153,19.409628,0.008153
P384_NTRU_HPS_2048_677,20.540583,20.540473,0.016545,18.563446,0.016545
P384_NTRU_HPS_2048_677,20.856748,20.856506,0.009560,18.548789,0.009560
P384_NTRU_HPS_2048_677,28.976005,28.975848,0.024302,22.709437,0.024302
P384_NTRU_HPS_2048_677,22.308242,22.307874,0.036520,17.988883,0.036520
P384_NTRU_HPS_2048_677,19.689961,19.689793,0.017900,17.487653,0.017900
P384_NTRU_HPS_2048_677,19.465721,19.465607,0.014789,17.361004,0.014789
P384_NTRU_HPS_2048_677,22.931033,22.930914,0.015736,20.745021,0.015736
P384_NTRU_HPS_2048_677,25.135304,25.134900,0.009715,22.039735,0.009715
P384_NTRU_HPS_2048_677,21.404034,21.403606,0.023332,17.304143,0.023332
P384_NTRU_HPS_2048_677,23.446952,23.446645,0.024988,17.454519,0.024988
P384_NTRU_HPS_2048_677,21.732203,21.732084,0.019711,19.488672,0.019711
P384_NTRU_HPS_2048_677,33.144711,33.144413,0.019423,28.277247,0.019423
P384_NTRU_HPS_2048_677,23.261051,23.260760,0.029348,18.729277,0.029348
P384_NTRU_HPS_2048_677,25.380508,25.380193,0.019211,21.283800,0.019211
P384_NTRU_HPS_2048_677,22.555293,22.554994,0.021588,18.477561,0.021588
P384_NTRU_HPS_2048_677,26.698404,26.698028,0.015745,21.823259,0.015745
P384_NTRU_HPS_2048_677,30.753415,30.753015,0.022814,25.085353,0.022814
P384_NTRU_HPS_2048_677,24.463202,24.462853,0.017276,19.469844,0.017276
P384_NTRU_HPS_2048_677,24.678055,24.677668,0.036141,20.713304,0.036141
P384_NTRU_HPS_2048_677,22.979891,22.979780,0.010416,18.463518,0.010416
P384_NTRU_HPS_2048_677,22.164955,22.164791,0.012775,20.120860,0.012775
P384_NTRU_HPS_2048_677,19.676216,19.675902,0.008553,17.085037,0.008553
P384_NTRU_HPS_2048_677,21.346501,21.346386,0.018305,19.198121,0.018305
P384_NTRU_HPS_2048_677,22.150625,22.150503,0.016525,20.067756,0.016525
P384_NTRU_HPS_2048_677,24.885468,24.885157,0.019091,20.418996,0.019091
P384_NTRU_HPS_2048_677,17.773462,17.773217,0.008319,15.538320,0.008319
P384_NTRU_HPS_2048_677,23.033824,23.033422,0.014889,18.654849,0.014889
P384_NTRU_HPS_2048_677,30.360428,30.360142,0.017535,26.074309,0.017535
P384_NTRU_HPS_2048_677,18.334159,18.333975,0.022082,15.803244,0.022082
P384_NTRU_HPS_2048_677,22.227662,22.227545,0.012274,19.633034,0.012274
P384_NTRU_HPS_2048_677,20.166161,20.166047,0.009020,18.043120,0.009020
P384_NTRU_HPS_2048_677,24.002136,24.001761,0.038396,18.037955,0.038396
P384_NTRU_HPS_2048_677,20.101412,20.101293,0.010973,17.568158,0.010973
P384_NTRU_HPS_2048_677,19.702216,19.702108,0.019195,17.558836,0.019195
P384_NTRU_HPS_2048_677,26.168692,26.168532,0.023326,20.172914,0.023326
P384_NTRU_HPS_2048_677,22.478676,22.478364,0.008618,19.804903,0.008618
P384_NTRU_HPS_2048_677,24.580864,24.580485,0.019198,21.088062,0.019198
P384_NTRU_HPS_2048_677,25.217187,25.216857,0.024375,20.619144,0.024375
P384_NTRU_HPS_2048_677,25.572846,25.572597,0.023155,22.302078,0.023155
P384_NTRU_HPS_2048_677,27.763399,27.763015,0.030480,21.070402,0.030480
P384_NTRU_HPS_2048_677,21.341599,21.341472,0.020434,19.154253,0.020434
P384_NTRU_HPS_2048_677,21.927180,21.927036,0.017537,19.370726,0.017537
P384_NTRU_HPS_2048_677,17.494352,17.494237,0.015284,15.509521,0.015284
P384_NTRU_HPS_2048_677,21.030514,21.030386,0.009080,18.842581,0.009080
P384_NTRU_HPS_2048_677,25.457500,25.457222,0.016687,22.063146,0.016687
P384_NTRU_HPS_2048_677,26.548686,26.548301,0.042183,20.024053,0.042183
P384_NTRU_HPS_2048_677,19.435196,19.435063,0.007650,17.348296,0.007650
P384_NTRU_HPS_2048_677,20.068843,20.068668,0.021979,17.379711,0.021979
P384_NTRU_HPS_2048_677,23.379022,23.378910,0.012484,21.121426,0.012484
P384_NTRU_HPS_2048_677,19.685021,19.684879,0.008062,17.645103,0.008062
P384_NTRU_HPS_2048_677,21.172216,21.171927,0.019080,18.280812,0.019080
P384_NTRU_HPS_2048_677,20.828666,20.828357,0.020788,16.263173,0.020788
P384_NTRU_HPS_2048_677,23.185322,23.185067,0.020429,18.024913,0.020429
P384_NTRU_HPS_2048_677,17.580552,17.580435,0.011918,15.399255,0.011918
P384_NTRU_HPS_2048_677,23.769569,23.769459,0.016962,21.672224,0.016962
P384_NTRU_HPS_2048_677,22.920806,22.920412,0.028918,19.106371,0.028918
P384_NTRU_HPS_2048_677,23.762857,23.762337,0.023431,19.782119,0.023431
P384_NTRU_HPS_2048_677,26.935452,26.935343,0.016180,24.488767,0.016180
P384_NTRU_HPS_2048_677,23.364037,23.363866,0.022791,17.112515,0.022791
P384_NTRU_HPS_2048_677,19.735824,19.735696,0.016156,17.534751,0.016156
P384_NTRU_HPS_2048_677,23.772081,23.771955,0.008731,21.556450,0.008731
P384_NTRU_HPS_2048_677,26.415882,26.415585,0.024534,21.314494,0.024534
P384_NTRU_HPS_2048_677,25.022560,25.022192,0.027072,20.997293,0.027072
P384_NTRU_HPS_2048_677,18.638177,18.638027,0.020613,16.016632,0.020613
P384_NTRU_HPS_2048_677,24.527606,24.527259,0.023851,20.639923,0.023851
P384_NTRU_HPS_2048_677,19.692881,19.692760,0.018066,17.582436,0.018066
P384_NTRU_HPS_2048_677,19.453450,19.453256,0.026584,16.116504,0.026584
P384_NTRU_HPS_2048_677,21.054532,21.054211,0.022605,16.486596,0.022605
P384_NTRU_HPS_2048_677,28.150103,28.149566,0.025097,22.083796,0.025097
P384_NTRU_HPS_2048_677,18.829683,18.829465,0.017271,15.519213,0.017271
P384_NTRU_HPS_2048_677,19.693000,19.692666,0.016732,17.285881,0.016732
P384_NTRU_HPS_2048_677,20.813218,20.813078,0.022657,18.391756,0.022657
P384_NTRU_HPS_2048_677,19.259710,19.259468,0.012449,15.601791,0.012449
P384_NTRU_HPS_2048_677,22.291982,22.291863,0.020570,19.877611,0.020570
P384_NTRU_HPS_2048_677,23.695904,23.695622,0.024431,20.095447,0.024431
P384_NTRU_HPS_2048_677,20.473312,20.473198,0.008483,18.299752,0.008483
P384_NTRU_HPS_2048_677,19.677712,19.677592,0.010523,17.526255,0.010523
P384_NTRU_HPS_2048_677,19.474751,19.474575,0.011631,16.770724,0.011631
P384_NTRU_HPS_2048_677,21.194418,21.194286,0.009556,19.148110,0.009556
P384_NTRU_HPS_2048_677,32.055224,32.054871,0.028736,26.910013,0.028736
P384_NTRU_HPS_2048_677,24.298948,24.298556,0.040918,17.621589,0.040918
P384_NTRU_HPS_2048_677,20.420152,20.420006,0.019222,18.083241,0.019222
P384_NTRU_HPS_2048_677,23.372716,23.372396,0.023538,19.755665,0.023538
P384_NTRU_HPS_2048_677,24.899135,24.898713,0.023401,20.294245,0.023401
P384_NTRU_HPS_2048_677,22.730470,22.730118,0.016462,19.566109,0.016462
P384_NTRU_HPS_2048_677,27.058898,27.058477,0.025466,20.201484,0.025466
P384_NTRU_HPS_2048_677,25.374532,25.374249,0.026029,20.440275,0.026029
P384_NTRU_HPS_2048_677,24.880203,24.879921,0.024043,21.738700,0.024043
P384_NTRU_HPS_2048_677,20.957753,20.957354,0.026576,17.293543,0.026576
P384_NTRU_HPS_2048_677,18.554903,18.554780,0.016835,16.463582,0.016835
P384_NTRU_HPS_2048_677,26.099988,26.099729,0.019208,21.326351,0.019208
P384_NTRU_HPS_2048_677,22.625884,22.625597,0.035663,17.767208,0.035663
P384_NTRU_HPS_2048_677,17.836649,17.836537,0.015276,15.834551,0.015276
P384_NTRU_HPS_2048_677,17.969941,17.969831,0.016818,15.885227,0.016818
P384_NTRU_HPS_2048_677,17.858481,17.858352,0.008200,15.694240,0.008200
P384_NTRU_HPS_2048_677,17.966290,17.966173,0.016162,15.744133,0.016162
P384_NTRU_HPS_2048_677,23.342635,23.342382,0.014013,20.750032,0.014013
P384_NTRU_HPS_2048_677,27.449324,27.449024,0.019660,22.661378,0.019660
P384_NTRU_HPS_2048_677,24.942634,24.942410,0.017578,21.892133,0.017578
P384_NTRU_HPS_2048_677,25.254748,25.254508,0.021282,20.217909,0.021282
P384_NTRU_HPS_2048_677,20.048195,20.047940,0.020267,15.896861,0.020267
P384_NTRU_HPS_2048_677,24.957270,24.957001,0.028716,20.890571,0.028716
P384_NTRU_HPS_2048_677,21.189327,21.189168,0.008684,19.083243,0.008684
P384_NTRU_HPS_2048_677,23.267952,23.267841,0.010719,21.100450,0.010719
P384_NTRU_HPS_2048_677,20.294641,20.294534,0.019067,17.998479,0.019067
P384_NTRU_HPS_2048_677,26.827986,26.827589,0.018762,21.583663,0.018762
P384_NTRU_HPS_2048_677,26.969696,26.969225,0.019130,21.774343,0.019130
P384_NTRU_HPS_2048_677,26.416255,26.415938,0.029882,20.950102,0.029882
P384_NTRU_HPS_2048_677,23.145217,23.145107,0.008543,21.148396,0.008543
P384_NTRU_HPS_2048_677,19.926821,19.926678,0.020484,17.378420,0.020484
P384_NTRU_HPS_2048_677,18.915570,18.915373,0.012388,15.769672,0.012388
P384_NTRU_HPS_2048_677,20.208719,20.208410,0.013141,17.493250,0.013141
P384_NTRU_HPS_2048_677,25.982961,25.982631,0.020305,20.674984,0.020305
P384_NTRU_HPS_2048_677,19.122734,19.122568,0.010441,17.004079,0.010441
P384_NTRU_HPS_2048_677,24.291984,24.291700,0.013963,21.938286,0.013963
P384_NTRU_HPS_2048_677,25.005125,25.004756,0.033127,18.886657,0.033127
P384_NTRU_HPS_2048_677,21.439834,21.439718,0.009677,19.262833,0.009677
P384_NTRU_HPS_2048_677,25.550581,25.550230,0.017362,22.277667,0.017362
P384_NTRU_HPS_2048_677,27.266810,27.266313,0.028657,20.520411,0.028657
P384_NTRU_HPS_2048_677,26.704889,26.704615,0.023463,22.114526,0.023463
P384_NTRU_HPS_2048_677,21.300290,21.299857,0.017443,17.408117,0.017443
P384_NTRU_HPS_2048_677,22.143778,22.143627,0.007979,20.198762,0.007979
P384_NTRU_HPS_2048_677,28.140352,28.140050,0.008397,25.059252,0.008397
P384_NTRU_HPS_2048_677,21.748073,21.747806,0.012143,19.396092,0.012143
P384_NTRU_HPS_2048_677,20.937140,20.937027,0.015698,18.920681,0.015698
P384_NTRU_HPS_2048_677,19.855667,19.855552,0.019563,17.613938,0.019563
P384_NTRU_HPS_2048_677,24.506124,24.505746,0.036346,19.404685,0.036346
P384_NTRU_HPS_2048_677,22.094921,22.094782,0.010124,20.062405,0.010124
P384_NTRU_HPS_2048_677,18.681067,18.680941,0.011222,16.462287,0.011222
P384_NTRU_HPS_2048_677,26.600413,26.600106,0.017306,21.035831,0.017306
P384_NTRU_HPS_2048_677,19.901895,19.901714,0.019305,17.481400,0.019305
P384_NTRU_HPS_2048_677,20.745693,20.745550,0.017428,18.483755,0.017428
P384_NTRU_HPS_2048_677,18.646417,18.646302,0.008278,16.619534,0.008278
P384_NTRU_HPS_2048_677,21.753278,21.753163,0.014799,19.518288,0.014799
P384_NTRU_HPS_2048_677,20.587422,20.587274,0.019898,18.016516,0.019898
P384_NTRU_HPS_2048_677,17.278214,17.278098,0.017893,15.089418,0.017893
P384_NTRU_HPS_2048_677,24.341133,24.340775,0.027075,19.692750,0.027075
P384_NTRU_HPS_2048_677,24.408909,24.408597,0.029589,18.722165,0.029589
P384_NTRU_HPS_2048_677,25.427018,25.426580,0.015954,20.771941,0.015954
P384_NTRU_HPS_2048_677,24.233485,24.233125,0.037805,20.055190,0.037805
P384_NTRU_HPS_2048_677,28.229071,28.228724,0.044541,21.552793,0.044541
P384_NTRU_HPS_2048_677,23.891262,23.890792,0.007897,21.099845,0.007897
P384_NTRU_HPS_2048_677,23.543323,23.543113,0.009758,21.235700,0.009758
P384_NTRU_HPS_2048_677,21.021166,21.021051,0.012794,19.029743,0.012794
P384_NTRU_HPS_2048_677,21.457555,21.457447,0.020371,19.341399,0.020371
P384_NTRU_HPS_2048_677,25.038450,25.038333,0.010662,21.129695,0.010662
P384_NTRU_HPS_2048_677,17.441938,17.441822,0.009824,15.374026,0.009824
P384_NTRU_HPS_2048_677,20.368661,20.368546,0.014790,18.124902,0.014790
P384_NTRU_HPS_2048_677,25.364296,25.363896,0.041773,18.697307,0.041773
P384_NTRU_HPS_2048_677,17.604934,17.604805,0.008687,15.421504,0.008687
P384_NTRU_HPS_2048_677,19.169195,19.169019,0.021205,16.946442,0.021205
P384_NTRU_HPS_2048_677,17.628206,17.628069,0.013358,15.421626,0.013358
P384_NTRU_HPS_2048_677,21.235587,21.235460,0.007965,19.052135,0.007965
P384_NTRU_HPS_2048_677,30.974788,30.974681,0.011375,28.523752,0.011375
P384_NTRU_HPS_2048_677,21.703982,21.703778,0.019248,18.168388,0.019248
P384_NTRU_HPS_2048_677,20.527802,20.527567,0.007983,18.277506,0.007983
P384_NTRU_HPS_2048_677,30.875858,30.875510,0.019247,26.131691,0.019247
P384_NTRU_HPS_2048_677,23.793932,23.793575,0.029517,19.934878,0.029517
P384_NTRU_HPS_2048_677,23.589518,23.589402,0.018901,21.402657,0.018901
P384_NTRU_HPS_2048_677,27.971888,27.971530,0.025892,21.933435,0.025892
P384_NTRU_HPS_2048_677,25.241364,25.241144,0.017928,20.948407,0.017928
P384_NTRU_HPS_2048_677,20.600844,20.600715,0.016733,18.535236,0.016733
P384_NTRU_HPS_2048_677,24.069866,24.069540,0.022699,18.747679,0.022699
P384_NTRU_HPS_2048_677,20.194385,20.194204,0.020567,17.410843,0.020567
P384_NTRU_HPS_2048_677,18.668888,18.668779,0.020796,16.408352,0.020796
P384_NTRU_HPS_2048_677,24.038433,24.038157,0.020094,18.618066,0.020094
P384_NTRU_HPS_2048_677,18.152580,18.152469,0.012207,16.066664,0.012207
P384_NTRU_HPS_2048_677,22.612094,22.611986,0.011238,20.568821,0.011238
P384_NTRU_HPS_2048_677,19.015081,19.014868,0.024090,15.862377,0.024090
P384_NTRU_HPS_2048_677,19.638745,19.638623,0.017885,17.428786,0.017885
P384_NTRU_HPS_2048_677,19.133700,19.133534,0.020417,16.676385,0.020417
P384_NTRU_HPS_2048_677,20.365300,20.365036,0.019806,17.556779,0.019806
P384_NTRU_HPS_2048_677,31.082156,31.081800,0.020368,26.283707,0.020368
P384_NTRU_HPS_2048_677,18.789100,18.788930,0.020049,15.767675,0.020049
P384_NTRU_HPS_2048_677,22.259284,22.258727,0.020341,17.894447,0.020341
P384_NTRU_HPS_2048_677,24.580656,24.580322,0.024214,20.247749,0.024214
P384_NTRU_HPS_2048_677,21.247271,21.247158,0.010524,19.061488,0.010524
P384_NTRU_HPS_2048_677,19.599495,19.599379,0.016449,17.274142,0.016449
P384_NTRU_HPS_2048_677,17.212463,17.212305,0.007884,15.259026,0.007884
P384_NTRU_HPS_2048_677,25.985892,25.985507,0.030985,19.423657,0.030985
P384_NTRU_HPS_2048_677,30.576563,30.576354,0.025524,26.600926,0.025524
P384_NTRU_HPS_2048_677,19.009560,19.009386,0.015317,16.039129,0.015317
P384_NTRU_HPS_2048_677,26.209499,26.209390,0.013933,24.148864,0.013933
P384_NTRU_HPS_2048_677,23.799968,23.799817,0.008505,19.404548,0.008505
P384_NTRU_HPS_2048_677,25.148948,25.148575,0.030364,21.095442,0.030364
P384_NTRU_HPS_2048_677,24.510674,24.510556,0.014796,22.268445,0.014796
P384_NTRU_HPS_2048_677,19.956863,19.956708,0.022897,17.311099,0.022897
P384_NTRU_HPS_2048_677,19.974968,19.974760,0.018342,16.197422,0.018342
P384_NTRU_HPS_2048_677,20.990286,20.990145,0.010754,18.366787,0.010754
P384_NTRU_HPS_2048_677,19.942767,19.942663,0.016919,17.131318,0.016919
P384_NTRU_HPS_2048_677,17.749241,17.749127,0.013695,15.629256,0.013695
P384_NTRU_HPS_2048_677,21.025901,21.025798,0.016881,18.913945,0.016881
P384_NTRU_HPS_2048_677,18.214587,18.214460,0.011912,15.620920,0.011912
P384_NTRU_HPS_2048_677,20.212220,20.212105,0.017125,18.025794,0.017125
P384_NTRU_HPS_2048_677,18.254000,18.253852,0.022950,15.801289,0.022950
P384_NTRU_HPS_2048_677,22.104669,22.104557,0.015585,18.251375,0.015585
P384_NTRU_HPS_2048_677,23.860700,23.860585,0.017036,21.586994,0.017036
P384_NTRU_HPS_2048_677,26.200504,26.200172,0.027122,19.914903,0.027122
P384_NTRU_HPS_2048_677,25.811318,25.810936,0.031793,19.160759,0.031793
P384_NTRU_HPS_2048_677,22.079212,22.079065,0.010470,19.639658,0.010470
P384_NTRU_HPS_2048_677,21.044886,21.044615,0.021268,17.509885,0.021268
P384_NTRU_HPS_2048_677,24.959032,24.958754,0.025261,20.431234,0.025261
P384_NTRU_HPS_2048_677,26.631887,26.631726,0.019227,22.516168,0.019227
P384_NTRU_HPS_2048_677,22.438165,22.438049,0.018583,18.616927,0.018583
P384_NTRU_HPS_2048_677,20.875683,20.875570,0.013563,18.684377,0.013563
P384_NTRU_HPS_2048_677,24.649316,24.648984,0.016672,19.900693,0.016672
P384_NTRU_HPS_2048_677,22.686449,22.686329,0.017304,20.640543,0.017304
P384_NTRU_HPS_2048_677,21.020377,21.020072,0.013457,17.885310,0.013457
P384_NTRU_HPS_2048_677,25.821047,25.820644,0.038463,18.876789,0.038463
P384_NTRU_HPS_2048_677,25.529229,25.528871,0.027549,20.519219,0.027549
P384_NTRU_HPS_2048_677,24.935625,24.935352,0.008952,22.006639,0.008952
P384_NTRU_HPS_2048_677,23.470478,23.470363,0.008025,21.352361,0.008025
P384_NTRU_HPS_2048_677,21.073486,21.073332,0.008044,19.025448,0.008044
P384_NTRU_HPS_2048_677,30.298931,30.298734,0.011496,27.002244,0.011496
P384_NTRU_HPS_2048_677,24.996263,24.995901,0.028498,20.693526,0.028498
P384_NTRU_HPS_2048_677,23.109420,23.109296,0.008110,20.956170,0.008110
P384_NTRU_HPS_2048_677,18.925746,18.925609,0.010352,16.559053,0.010352
P384_NTRU_HPS_2048_677,20.665684,20.665565,0.024323,18.418669,0.024323
P384_NTRU_HPS_2048_677,24.220282,24.220155,0.018495,21.892334,0.018495
P384_NTRU_HPS_2048_677,18.476365,18.476200,0.011165,15.634387,0.011165
P384_NTRU_HPS_2048_677,22.417595,22.417491,0.016723,20.374346,0.016723
P384_NTRU_HPS_2048_677,19.948246,19.948057,0.008605,17.592629,0.008605
P384_NTRU_HPS_2048_677,18.447147,18.446966,0.018695,15.362428,0.018695
P384_NTRU_HPS_2048_677,25.138712,25.138322,0.033309,20.349860,0.033309
P384_NTRU_HPS_2048_677,24.222615,24.222219,0.024627,17.829514,0.024627
P384_NTRU_HPS_2048_677,19.587544,19.587413,0.018166,16.543217,0.018166
P384_NTRU_HPS_2048_677,19.862753,19.862629,0.009914,17.368123,0.009914
P384_NTRU_HPS_2048_677,21.263279,21.263141,0.009862,19.151335,0.009862
P384_NTRU_HPS_2048_677,20.867894,20.867740,0.007937,18.866059,0.007937
P384_NTRU_HPS_2048_677,21.660970,21.660634,0.009701,19.259824,0.009701
P384_NTRU_HPS_2048_677,21.706421,21.706198,0.024282,18.800901,0.024282
P384_NTRU_HPS_2048_677,23.508470,23.508221,0.026355,18.785072,0.026355
P384_NTRU_HPS_2048_677,23.898485,23.898166,0.015311,20.187341,0.015311
P384_NTRU_HPS_2048_677,23.595985,23.595596,0.022961,17.711207,0.022961
P384_NTRU_HPS_2048_677,26.749793,26.749605,0.019038,22.520930,0.019038
P384_NTRU_HPS_2048_677,20.294633,20.294509,0.018360,18.267422,0.018360
P384_NTRU_HPS_2048_677,27.212332,27.211806,0.025990,20.541496,0.025990
P384_NTRU_HPS_2048_677,24.360308,24.359832,0.008291,20.947149,0.008291
P384_NTRU_HPS_2048_677,21.516494,21.515999,0.024115,16.799213,0.024115
P384_NTRU_HPS_2048_677,25.919444,25.919089,0.020493,19.590162,0.020493
P384_NTRU_HPS_2048_677,19.610882,19.610766,0.010623,17.535488,0.010623
P384_NTRU_HPS_2048_677,17.776775,17.776658,0.008348,15.526805,0.008348
P384_NTRU_HPS_2048_677,19.614683,19.614436,0.017870,17.260149,0.017870
P384_NTRU_HPS_2048_677,25.662838,25.662453,0.029627,20.797309,0.029627
P384_NTRU_HPS_2048_677,23.799132,23.799025,0.019808,21.535126,0.019808
P384_NTRU_HPS_2048_677,24.424992,24.424619,0.026556,20.510801,0.026556
P384_NTRU_HPS_2048_677,20.008841,20.008585,0.018620,17.665628,0.018620
P384_NTRU_HPS_2048_677,18.745780,18.745665,0.022600,16.316374,0.022600
P384_NTRU_HPS_2048_677,23.567780,23.567605,0.017394,21.094306,0.017394
P384_NTRU_HPS_2048_677,23.425870,23.425715,0.008096,19.877812,0.008096
P384_NTRU_HPS_2048_677,20.686597,20.686426,0.009451,18.298203,0.009451
P384_NTRU_HPS_2048_677,20.784311,20.784199,0.017242,18.716003,0.017242
P384_NTRU_HPS_2048_677,17.633789,17.633670,0.017688,15.458695,0.017688
P384_NTRU_HPS_2048_677,21.982735,21.982588,0.019298,19.743748,0.019298
P384_NTRU_HPS_2048_677,21.973870,21.973747,0.012482,19.738924,0.012482
P384_NTRU_HPS_2048_677,19.042841,19.042725,0.013755,16.411627,0.013755
P384_NTRU_HPS_2048_677,22.928872,22.928766,0.018065,20.714471,0.018065
P384_NTRU_HPS_2048_677,25.894039,25.893760,0.020390,21.478465,0.020390
P384_NTRU_HPS_2048_677,23.022915,23.022805,0.018074,20.683337,0.018074
P384_NTRU_HPS_2048_677,20.727868,20.727709,0.024876,18.300434,0.024876
P384_NTRU_HPS_2048_677,27.896318,27.895784,0.019732,22.046356,0.019732
P384_NTRU_HPS_2048_677,23.760956,23.760838,0.011176,21.592111,0.011176
P384_NTRU_HPS_2048_677,20.530532,20.530420,0.016376,18.468757,0.016376
P384_NTRU_HPS_2048_677,25.971057,25.970567,0.021431,19.871100,0.021431
P384_NTRU_HPS_2048_677,23.402393,23.402086,0.027681,18.572277,0.027681
P384_NTRU_HPS_2048_677,22.051170,22.051064,0.015055,20.027722,0.015055
P384_NTRU_HPS_2048_677,21.508451,21.508326,0.019555,19.250900,0.019555
P384_NTRU_HPS_2048_677,28.032075,28.031753,0.017374,23.347432,0.017374
P384_NTRU_HPS_2048_677,21.160329,21.160188,0.013071,18.912516,0.013071
P384_NTRU_HPS_2048_677,20.447204,20.447085,0.010924,18.210906,0.010924
P384_NTRU_HPS_2048_677,17.021001,17.020845,0.010010,15.014828,0.010010
P384_NTRU_HPS_2048_677,20.544301,20.544181,0.021481,18.257596,0.021481
P384_NTRU_HPS_2048_677,19.576061,19.575947,0.013662,17.409464,0.013662
P384_NTRU_HPS_2048_677,28.169260,28.168967,0.015751,23.736253,0.015751
P384_NTRU_HPS_2048_677,18.774093,18.773951,0.013137,16.072652,0.013137
P384_NTRU_HPS_2048_677,21.551742,21.551469,0.017527,17.157635,0.017527
P384_NTRU_HPS_2048_677,18.660975,18.660865,0.019747,16.296442,0.019747
P384_NTRU_HPS_2048_677,24.709648,24.709338,0.049427,18.171902,0.049427
P384_NTRU_HPS_2048_677,20.473169,20.472938,0.020818,16.496470,0.020818
P384_NTRU_HPS_2048_677,18.966047,18.965933,0.013327,16.843403,0.013327
P384_NTRU_HPS_2048_677,23.213818,23.213700,0.020094,21.035175,0.020094
P384_NTRU_HPS_2048_677,20.013538,20.013393,0.008771,18.006801,0.008771
P384_NTRU_HPS_2048_677,26.051502,26.051174,0.027033,21.809609,0.027033
P384_NTRU_HPS_2048_677,25.081601,25.081257,0.027325,18.771688,0.027325
P384_NTRU_HPS_2048_677,19.083749,19.083630,0.022644,16.972621,0.022644
P384_NTRU_HPS_2048_677,22.078231,22.077853,0.013839,19.310994,0.013839
P384_NTRU_HPS_2048_677,19.385130,19.384940,0.012438,16.211735,0.012438
P384_NTRU_HPS_2048_677,24.063103,24.062810,0.032704,19.275935,0.032704
P384_NTRU_HPS_2048_677,25.410538,25.410083,0.023865,20.507767,0.023865
P384_NTRU_HPS_2048_677,20.081286,20.081092,0.017372,17.349564,0.017372
P384_NTRU_HPS_2048_677,24.786642,24.786270,0.040237,21.449768,0.040237
P384_NTRU_HPS_2048_677,22.205496,22.205217,0.023896,18.691363,0.023896
P384_NTRU_HPS_2048_677,26.128030,26.127763,0.021315,21.364897,0.021315
P384_NTRU_HPS_2048_677,19.712041,19.711907,0.017144,17.242128,0.017144
P384_NTRU_HPS_2048_677,26.145915,26.145584,0.027182,20.903200,0.027182
P384_NTRU_HPS_2048_677,23.614190,23.614072,0.016866,21.651940,0.016866
P384_NTRU_HPS_2048_677,21.593129,21.592793,0.023763,18.176119,0.023763
P384_NTRU_HPS_2048_677,19.276585,19.276316,0.012594,15.669777,0.012594
P384_NTRU_HPS_2048_677,22.643423,22.643262,0.010138,20.590753,0.010138
P384_NTRU_HPS_2048_677,24.006663,24.006170,0.017777,19.385262,0.017777
P384_NTRU_HPS_2048_677,21.303771,21.303517,0.014286,17.197263,0.014286
P384_NTRU_HPS_2048_677,21.181168,21.181057,0.017112,19.095229,0.017112
P384_NTRU_HPS_2048_677,21.358759,21.358376,0.027792,17.370747,0.027792
P384_NTRU_HPS_2048_677,25.312945,25.312554,0.029533,21.006790,0.029533
P384_NTRU_HPS_2048_677,23.828988,23.828656,0.008566,21.375232,0.008566
P384_NTRU_HPS_2048_677,22.478650,22.478531,0.018074,20.403832,0.018074
P384_NTRU_HPS_2048_677,17.577830,17.577722,0.014168,15.450225,0.014168
P384_NTRU_HPS_2048_677,31.470906,31.470771,0.009987,29.181230,0.009987
P384_NTRU_HPS_2048_677,19.439731,19.439491,0.023100,15.657509,0.023100
P384_NTRU_HPS_2048_677,21.866863,21.866585,0.014032,18.727178,0.014032
P384_NTRU_HPS_2048_677,22.842014,22.841614,0.024666,18.491720,0.024666
P384_NTRU_HPS_2048_677,23.705316,23.704966,0.040025,19.598871,0.040025
P384_NTRU_HPS_2048_677,22.050376,22.050260,0.013636,20.013993,0.013636
P384_NTRU_HPS_2048_677,19.368650,19.368426,0.012683,15.999318,0.012683
P384_NTRU_HPS_2048_677,19.164531,19.164419,0.018390,16.998138,0.018390
P384_NTRU_HPS_2048_677,18.594843,18.594688,0.007677,16.610082,0.007677
P384_NTRU_HPS_2048_677,19.364941,19.364636,0.014055,16.037535,0.014055
P384_NTRU_HPS_2048_677,22.952478,22.952128,0.010477,20.109740,0.010477
P384_NTRU_HPS_2048_677,18.503384,18.503264,0.010350,16.355598,0.010350
P384_NTRU_HPS_2048_677,20.462180,20.462071,0.015104,18.413554,0.015104
P384_NTRU_HPS_2048_677,22.993104,22.992795,0.031145,18.918049,0.031145
P384_NTRU_HPS_2048_677,18.975707,18.975582,0.011646,16.063035,0.011646
P384_NTRU_HPS_2048_677,20.696663,20.696377,0.022617,16.201906,0.022617
P384_NTRU_HPS_2048_677,24.119054,24.118745,0.031510,20.153688,0.031510
P384_NTRU_HPS_2048_677,24.277630,24.277381,0.019752,19.721350,0.019752
P384_NTRU_HPS_2048_677,24.060619,24.060505,0.010895,21.907546,0.010895
P384_NTRU_HPS_2048_677,21.727302,21.726920,0.030856,18.085512,0.030856
P384_NTRU_HPS_2048_677,21.677295,21.677011,0.029092,17.346730,0.029092
P384_NTRU_HPS_2048_677,22.553504,22.553174,0.014382,20.260533,0.014382
P384_NTRU_HPS_2048_677,30.711124,30.710889,0.010713,27.548221,0.010713
P384_NTRU_HPS_2048_677,22.397820,22.397653,0.021303,19.268518,0.021303
P384_NTRU_HPS_2048_677,18.348562,18.348423,0.025043,16.063547,0.025043
P384_NTRU_HPS_2048_677,19.018047,19.017733,0.012179,15.766399,0.012179
P384_NTRU_HPS_2048_677,19.888057,19.887820,0.022271,16.520152,0.022271
P384_NTRU_HPS_2048_677,25.428120,25.427699,0.024596,19.268194,0.024596
P384_NTRU_HPS_2048_677,25.956203,25.955806,0.021406,20.415041,0.021406
P384_NTRU_HPS_2048_677,19.320590,19.320472,0.010087,17.013245,0.010087
P384_NTRU_HPS_2048_677,25.753532,25.753367,0.031201,19.553346,0.031201
P384_NTRU_HPS_2048_677,26.257596,26.257293,0.019500,21.662049,0.019500
P384_NTRU_HPS_2048_677,19.896070,19.895897,0.010756,17.407380,0.010756
P384_NTRU_HPS_2048_677,17.700344,17.700220,0.010798,15.634175,0.010798
P384_NTRU_HPS_2048_677,21.263228,21.262915,0.024386,16.858189,0.024386
P384_NTRU_HPS_2048_677,27.687768,27.687319,0.032662,20.737751,0.032662
P384_NTRU_HPS_2048_677,23.201725,23.201366,0.009867,19.786564,0.009867
P384_NTRU_HPS_2048_677,20.870803,20.870448,0.027638,16.737271,0.027638
P384_NTRU_HPS_2048_677,26.832094,26.831749,0.025147,20.134237,0.025147
P384_NTRU_HPS_2048_677,24.805667,24.805361,0.014037,20.876994,0.014037
P384_NTRU_HPS_2048_677,25.023662,25.023355,0.023739,20.499591,0.023739
P384_NTRU_HPS_2048_677,19.925531,19.925421,0.019004,17.865252,0.019004
P384_NTRU_HPS_2048_677,23.230534,23.230227,0.018370,20.037832,0.018370
P384_NTRU_HPS_2048_677,17.800869,17.800751,0.018081,15.557283,0.018081
P384_NTRU_HPS_2048_677,19.180151,19.180037,0.016030,17.141679,0.016030
P384_NTRU_HPS_2048_677,19.342519,19.342255,0.017216,17.222333,0.017216
P384_NTRU_HPS_2048_677,23.605552,23.605191,0.013150,20.986234,0.013150
P384_NTRU_HPS_2048_677,23.432504,23.432391,0.013375,21.399100,0.013375
P384_NTRU_HPS_2048_677,20.867124,20.866827,0.020196,17.686572,0.020196
P384_NTRU_HPS_2048_677,23.565192,23.564945,0.015535,19.660512,0.015535
P384_NTRU_HPS_2048_677,22.573335,22.573201,0.007612,20.507815,0.007612
P384_NTRU_HPS_2048_677,21.290265,21.290132,0.010090,17.286570,0.010090
P384_NTRU_HPS_2048_677,20.901503,20.901393,0.013837,18.575621,0.013837
P384_NTRU_HPS_2048_677,22.633315,22.633092,0.014485,20.348769,0.014485
P384_NTRU_HPS_2048_677,18.875661,18.875490,0.020952,15.595442,0.020952
P384_NTRU_HPS_2048_677,21.675849,21.675643,0.010113,19.452389,0.010113
P384_NTRU_HPS_2048_677,17.485203,17.485100,0.015773,15.503861,0.015773
P384_NTRU_HPS_2048_677,19.853093,19.852977,0.021450,17.850675,0.021450
P384_NTRU_HPS_2048_677,22.911270,22.910984,0.021581,19.554183,0.021581
P384_NTRU_HPS_2048_677,18.204427,18.204259,0.017318,15.067140,0.017318
P384_NTRU_HPS_2048_677,20.526851,20.526738,0.018505,18.510260,0.018505
P384_NTRU_HPS_2048_677,23.701247,23.701095,0.019419,18.516131,0.019419
P384_NTRU_HPS_2048_677,17.670182,17.670062,0.008231,15.519861,0.008231
P384_NTRU_HPS_2048_677,19.171222,19.171105,0.017261,17.152207,0.017261
P384_NTRU_HPS_2048_677,20.400113,20.399916,0.010178,17.712340,0.010178
P384_NTRU_HPS_2048_677,23.908790,23.908620,0.009202,21.655280,0.009202
P384_NTRU_HPS_2048_677,26.636334,26.636057,0.018804,22.221618,0.018804
P384_NTRU_HPS_2048_677,23.218790,23.218675,0.021481,19.756713,0.021481
P384_NTRU_HPS_2048_677,21.143681,21.143478,0.018615,17.135391,0.018615
P384_NTRU_HPS_2048_677,21.720659,21.720385,0.010330,19.488212,0.010330
P384_NTRU_HPS_2048_677,17.478199,17.478083,0.018003,15.425068,0.018003
P384_NTRU_HPS_2048_677,23.017392,23.017269,0.008358,20.822207,0.008358
P384_NTRU_HPS_2048_677,19.143040,19.142923,0.018598,17.099359,0.018598
P384_NTRU_HPS_2048_677,24.178452,24.178221,0.019758,19.655276,0.019758
P384_NTRU_HPS_2048_677,23.850145,23.849845,0.017446,20.289326,0.017446
P384_NTRU_HPS_2048_677,19.661392,19.661191,0.012928,16.215753,0.012928
P384_NTRU_HPS_2048_677,27.876307,27.876032,0.020875,23.139765,0.020875
P384_NTRU_HPS_2048_677,24.417633,24.417403,0.019272,21.148330,0.019272
P384_NTRU_HPS_2048_677,20.629069,20.628851,0.026609,17.561636,0.026609
P384_NTRU_HPS_2048_677,19.447651,19.447536,0.008119,17.244258,0.008119
P384_NTRU_HPS_2048_677,26.436517,26.436060,0.024237,20.217398,0.024237
P384_NTRU_HPS_2048_677,23.470293,23.470122,0.010302,21.310034,0.010302
P384_NTRU_HPS_2048_677,20.945092,20.944981,0.020855,18.540392,0.020855
P384_NTRU_HPS_2048_677,19.055048,19.054873,0.019063,16.044684,0.019063
P384_NTRU_HPS_2048_677,24.802345,24.801990,0.027868,21.033299,0.027868
P384_NTRU_HPS_2048_677,25.501506,25.501241,0.017102,20.941779,0.017102
P384_NTRU_HPS_2048_677,24.182196,24.182080,0.016299,21.811411,0.016299
P384_NTRU_HPS_2048_677,20.287872,20.287557,0.013332,16.921509,0.013332
P384_NTRU_HPS_2048_677,17.765632,17.765508,0.018535,15.579253,0.018535
P384_NTRU_HPS_2048_677,19.237528,19.237414,0.010319,16.978331,0.010319
P384_NTRU_HPS_2048_677,20.460849,20.460706,0.015171,18.049608,0.015171
P384_NTRU_HPS_2048_677,24.567771,24.567370,0.028794,20.357196,0.028794
P384_NTRU_HPS_2048_677,24.947356,24.947022,0.008612,21.879537,0.008612
P384_NTRU_HPS_2048_677,19.278784,19.278586,0.016796,16.328439,0.016796
P384_NTRU_HPS_2048_677,25.585324,25.585206,0.011080,23.455977,0.011080
P384_NTRU_HPS_2048_677,19.795842,19.795691,0.009125,17.692240,0.009125
P384_NTRU_HPS_2048_677,25.597715,25.597476,0.015226,21.502718,0.015226
P384_NTRU_HPS_2048_677,20.701733,20.701573,0.012173,18.158543,0.012173
P384_NTRU_HPS_2048_677,27.219894,27.219553,0.030446,21.262384,0.030446
P384_NTRU_HPS_2048_677,21.369107,21.368998,0.009928,18.997148,0.009928
P384_NTRU_HPS_2048_677,22.271736,22.271581,0.012850,19.862405,0.012850
P384_NTRU_HPS_2048_677,20.745713,20.745602,0.009918,18.516351,0.009918
P384_NTRU_HPS_2048_677,17.999959,17.999837,0.012323,15.692180,0.012323
P384_NTRU_HPS_2048_677,18.360093,18.359961,0.013112,15.909913,0.013112
P384_NTRU_HPS_2048_677,24.683415,24.683021,0.038630,18.725423,0.038630
P384_NTRU_HPS_2048_677,19.894496,19.894380,0.013188,17.879146,0.013188
P384_NTRU_HPS_2048_677,25.706240,25.705730,0.030662,19.181909,0.030662
P384_NTRU_HPS_2048_677,21.452005,21.451875,0.016534,19.267361,0.016534
P384_NTRU_HPS_2048_677,25.465368,25.465055,0.021125,19.562567,0.021125
P384_NTRU_HPS_2048_677,22.577136,22.576671,0.007707,19.819316,0.007707
P384_NTRU_HPS_2048_677,25.059034,25.058512,0.014089,21.343188,0.014089
P384_NTRU_HPS_2048_677,24.398495,24.398130,0.017498,18.586058,0.017498
P384_NTRU_HPS_2048_677,18.065918,18.065810,0.010373,15.913982,0.010373
P384_NTRU_HPS_2048_677,22.879854,22.879741,0.020456,20.497181,0.020456
P384_NTRU_HPS_2048_677,20.174248,20.174120,0.009304,17.948220,0.009304
P384_NTRU_HPS_2048_677,27.041646,27.041374,0.020363,22.596689,0.020363
P384_NTRU_HPS_2048_677,19.761688,19.761519,0.015941,17.316088,0.015941
P384_NTRU_HPS_2048_677,22.288223,22.288105,0.018481,20.175476,0.018481
P384_NTRU_HPS_2048_677,28.797945,28.797747,0.083773,24.653034,0.083773
P384_NTRU_HPS_2048_677,20.286171,20.286053,0.018477,18.060820,0.018477
P384_NTRU_HPS_2048_677,28.237861,28.237581,0.018678,23.446723,0.018678
P384_NTRU_HPS_2048_677,23.174591,23.174248,0.055268,19.494757,0.055268
P384_NTRU_HPS_2048_677,23.568630,23.568391,0.015286,18.702939,0.015286
P384_NTRU_HPS_2048_677,19.380490,19.380361,0.008100,17.285735,0.008100
P384_NTRU_HPS_2048_677,22.979525,22.979144,0.009702,19.464447,0.009702
P384_NTRU_HPS_2048_677,24.250615,24.250287,0.016122,19.174225,0.016122
P384_NTRU_HPS_2048_677,21.546935,21.546805,0.017185,19.265868,0.017185
P384_NTRU_HPS_2048_677,19.798834,19.798605,0.018145,16.663974,0.018145
P384_NTRU_HPS_2048_677,19.940280,19.939977,0.020138,16.604749,0.020138
P384_NTRU_HPS_2048_677,27.398261,27.397962,0.029961,22.126450,0.029961
P384_NTRU_HPS_2048_677,24.827139,24.826629,0.024167,20.713671,0.024167
P384_NTRU_HPS_2048_677,21.175797,21.175645,0.010097,18.846931,0.010097
P384_NTRU_HPS_2048_677,18.183007,18.182787,0.013786,15.824659,0.013786
P384_NTRU_HPS_2048_677,21.653756,21.653366,0.018549,18.756538,0.018549
P384_NTRU_HPS_2048_677,17.717960,17.717858,0.016255,15.669030,0.016255
P384_NTRU_HPS_2048_677,22.567078,22.566726,0.037680,18.761029,0.037680
P384_NTRU_HPS_2048_677,24.285258,24.284973,0.028418,19.521345,0.028418
P384_NTRU_HPS_2048_677,24.134039,24.133715,0.020521,20.628439,0.020521
P384_NTRU_HPS_2048_677,18.526537,18.526361,0.016760,15.229433,0.016760
P384_NTRU_HPS_2048_677,21.500711,21.500474,0.018156,16.713329,0.018156
P384_NTRU_HPS_2048_677,27.763328,27.762974,0.034545,22.173253,0.034545
P384_NTRU_HPS_2048_677,23.785163,23.784820,0.021163,18.227208,0.021163
P384_NTRU_HPS_2048_677,27.606317,27.606152,0.017973,23.762040,0.017973
P384_NTRU_HPS_2048_677,24.412802,24.412408,0.030277,18.630278,0.030277
P384_NTRU_HPS_2048_677,21.546132,21.546021,0.018503,19.480900,0.018503
P384_NTRU_HPS_2048_677,22.043469,22.043346,0.019759,19.924544,0.019759
P384_NTRU_HPS_2048_677,20.149864,20.149587,0.013872,17.486052,0.013872
P384_NTRU_HPS_2048_677,28.042176,28.041702,0.017103,22.904864,0.017103
P384_NTRU_HPS_2048_677,21.204852,21.204707,0.013282,18.611498,0.013282
P384_NTRU_HPS_2048_677,19.563644,19.563359,0.017000,15.602190,0.017000
P384_NTRU_HPS_2048_677,17.927530,17.927419,0.013581,15.616603,0.013581
P384_NTRU_HPS_2048_677,42.080933,42.080803,0.022456,36.245278,0.022456
P384_NTRU_HPS_2048_677,19.159019,19.158900,0.032468,16.439501,0.032468
P384_NTRU_HPS_2048_677,24.096708,24.096434,0.033003,21.049027,0.033003
P384_NTRU_HPS_2048_677,22.377922,22.377542,0.034274,17.483019,0.034274
P384_NTRU_HPS_2048_677,21.540373,21.540267,0.013957,19.265575,0.013957
P384_NTRU_HPS_2048_677,22.968384,22.968090,0.032521,19.904532,0.032521
P384_NTRU_HPS_2048_677,20.498394,20.498054,0.015941,16.301774,0.015941
P384_NTRU_HPS_2048_677,30.378108,30.377881,0.025424,26.370972,0.025424
P384_NTRU_HPS_2048_677,19.136098,19.135918,0.016118,16.038373,0.016118
P384_NTRU_HPS_2048_677,28.958304,28.957997,0.019300,24.560803,0.019300
P384_NTRU_HPS_2048_677,19.790732,19.790565,0.008413,17.322866,0.008413
P384_NTRU_HPS_2048_677,19.710860,19.710667,0.017971,16.494336,0.017971
P384_NTRU_HPS_2048_677,25.549855,25.549452,0.027827,20.671369,0.027827
P384_NTRU_HPS_2048_677,18.149087,18.148914,0.023680,15.639652,0.023680
P384_NTRU_HPS_2048_677,23.667820,23.667701,0.017012,21.671444,0.017012
P384_NTRU_HPS_2048_677,23.443268,23.442967,0.030748,20.100652,0.030748
P384_NTRU_HPS_2048_677,25.307527,25.307156,0.029249,18.771689,0.029249
P384_NTRU_HPS_2048_677,19.850472,19.850350,0.016463,17.773498,0.016463
P384_NTRU_HPS_2048_677,27.060082,27.059976,0.020134,22.552418,0.020134
P384_NTRU_HPS_2048_677,23.336893,23.336738,0.008300,21.322251,0.008300
P384_NTRU_HPS_2048_677,19.594410,19.594294,0.008899,17.369470,0.008899
P384_NTRU_HPS_2048_677,22.475778,22.475466,0.013936,19.535248,0.013936
P384_NTRU_HPS_2048_677,23.674254,23.673714,0.007432,20.546887,0.007432
P384_NTRU_HPS_2048_677,23.825041,23.824906,0.014769,21.668498,0.014769
P384_NTRU_HPS_2048_677,19.343345,19.343231,0.015452,17.261964,0.015452
P384_NTRU_HPS_2048_677,22.514519,22.514406,0.018441,20.346163,0.018441
P384_NTRU_HPS_2048_677,21.926498,21.926382,0.016968,19.851298,0.016968
P384_NTRU_HPS_2048_677,21.312813,21.312425,0.019856,17.856807,0.019856
P384_NTRU_HPS_2048_677,19.052753,19.052639,0.018686,16.751023,0.018686
P384_NTRU_HPS_2048_677,20.823173,20.823058,0.012389,18.650188,0.012389
P384_NTRU_HPS_2048_677,20.623298,20.623175,0.008175,18.231436,0.008175
P384_NTRU_HPS_2048_677,29.086888,29.086481,0.015182,24.940455,0.015182
P384_NTRU_HPS_2048_677,22.187858,22.187733,0.013520,20.092317,0.013520
P384_NTRU_HPS_2048_677,19.839601,19.839421,0.018540,17.272370,0.018540
P384_NTRU_HPS_2048_677,20.034874,20.034366,0.008149,17.771902,0.008149
P384_NTRU_HPS_2048_677,23.101463,23.101079,0.021818,18.383820,0.021818
P384_NTRU_HPS_2048_677,27.464845,27.464561,0.019859,22.891782,0.019859
P384_NTRU_HPS_2048_677,22.814393,22.814274,0.017707,20.686849,0.017707
P384_NTRU_HPS_2048_677,24.051243,24.051078,0.022856,18.545511,0.022856
P384_NTRU_HPS_2048_677,25.224810,25.224476,0.033256,20.806793,0.033256
P384_NTRU_HPS_2048_677,21.295785,21.295582,0.009257,18.999370,0.009257
P384_NTRU_HPS_2048_677,20.523095,20.522979,0.017056,18.322518,0.017056
P384_NTRU_HPS_2048_677,19.881468,19.881356,0.010306,17.729006,0.010306
P384_NTRU_HPS_2048_677,26.627148,26.626755,0.021825,20.838404,0.021825
P384_NTRU_HPS_2048_677,26.552921,26.552649,0.021898,23.127213,0.021898
P384_NTRU_HPS_2048_677,19.059940,19.059616,0.019892,16.800514,0.019892
P384_NTRU_HPS_2048_677,19.138603,19.138388,0.011572,15.874596,0.011572
P384_NTRU_HPS_2048_677,18.219642,18.219528,0.008982,15.994669,0.008982
P384_NTRU_HPS_2048_677,23.051204,23.050919,0.012668,19.985373,0.012668
P384_NTRU_HPS_2048_677,25.885969,25.885564,0.032300,19.169748,0.032300
P384_NTRU_HPS_2048_677,22.038250,22.038125,0.015203,19.563787,0.015203
P384_NTRU_HPS_2048_677,23.909891,23.909604,0.026921,18.801582,0.026921
P384_NTRU_HPS_2048_677,20.015176,20.015057,0.009130,17.582875,0.009130
P384_NTRU_HPS_2048_677,22.912752,22.912512,0.016958,20.577669,0.016958
P384_NTRU_HPS_2048_677,26.548742,26.548412,0.022525,21.276235,0.022525
P384_NTRU_HPS_2048_677,17.808571,17.808456,0.017450,15.796931,0.017450
P384_NTRU_HPS_2048_677,20.672001,20.671833,0.011594,18.647686,0.011594
P384_NTRU_HPS_2048_677,28.219497,28.219240,0.018594,23.172040,0.018594
P384_NTRU_HPS_2048_677,24.617567,24.617336,0.020616,22.479447,0.020616
P384_NTRU_HPS_2048_677,22.848623,22.848507,0.015918,20.572453,0.015918
P384_NTRU_HPS_2048_677,19.691867,19.691740,0.013789,17.421409,0.013789
P384_NTRU_HPS_2048_677,22.284047,22.283916,0.020341,20.106194,0.020341
P384_NTRU_HPS_2048_677,22.103681,22.103563,0.022881,18.943513,0.022881
P384_NTRU_HPS_2048_677,17.924802,17.924652,0.007824,15.699014,0.007824
P384_NTRU_HPS_2048_677,23.199999,23.197215,0.021916,19.413649,0.021916
P384_NTRU_HPS_2048_677,21.100681,21.100554,0.019230,18.819507,0.019230
P384_NTRU_HPS_2048_677,21.179532,21.179420,0.010719,18.909475,0.010719
P384_NTRU_HPS_2048_677,23.810758,23.810640,0.018399,21.195172,0.018399
P384_NTRU_HPS_2048_677,21.306052,21.305933,0.025596,19.098825,0.025596
P384_NTRU_HPS_2048_677,19.772342,19.772171,0.008862,17.586816,0.008862
P384_NTRU_HPS_2048_677,26.898874,26.898620,0.021146,22.255911,0.021146
P384_NTRU_HPS_2048_677,23.426822,23.426455,0.022005,19.757554,0.022005
P384_NTRU_HPS_2048_677,21.710499,21.710310,0.017519,19.075766,0.017519
P384_NTRU_HPS_2048_677,20.893888,20.893744,0.024316,18.609826,0.024316
P384_NTRU_HPS_2048_677,25.623399,25.623072,0.025124,19.733255,0.025124
P384_NTRU_HPS_2048_677,21.152560,21.152386,0.017463,18.889614,0.017463
P384_NTRU_HPS_2048_677,20.279123,20.278970,0.015439,17.132643,0.015439
P384_NTRU_HPS_2048_677,23.613431,23.613315,0.008643,21.365509,0.008643
P384_NTRU_HPS_2048_677,19.686124,19.685981,0.009777,17.652207,0.009777
P384_NTRU_HPS_2048_677,24.629504,24.629064,0.021905,19.586138,0.021905
P384_NTRU_HPS_2048_677,18.151635,18.151510,0.009895,15.884752,0.009895
P384_NTRU_HPS_2048_677,22.313806,22.313651,0.008368,20.225883,0.008368
P384_NTRU_HPS_2048_677,19.751947,19.751828,0.015531,17.601925,0.015531
P384_NTRU_HPS_2048_677,23.016473,23.016347,0.018473,20.794475,0.018473
P384_NTRU_HPS_2048_677,29.680883,29.680519,0.007721,27.069589,0.007721
P384_NTRU_HPS_2048_677,19.242717,19.242487,0.011367,15.900581,0.011367
P384_NTRU_HPS_2048_677,21.766094,21.765943,0.014264,19.408408,0.014264
P384_NTRU_HPS_2048_677,19.769454,19.769206,0.025582,16.412935,0.025582
P384_NTRU_HPS_2048_677,24.114802,24.114687,0.009171,21.861527,0.009171
P384_NTRU_HPS_2048_677,20.888249,20.888125,0.012442,18.301872,0.012442
P384_NTRU_HPS_2048_677,18.582014,18.581853,0.023766,15.867128,0.023766
P384_NTRU_HPS_2048_677,25.117978,25.117571,0.021236,20.262476,0.021236
P384_NTRU_HPS_2048_677,18.861281,18.861167,0.018974,16.836459,0.018974
P384_NTRU_HPS_2048_677,19.722374,19.722261,0.013100,17.607267,0.013100
P384_NTRU_HPS_2048_677,17.991244,17.991085,0.009746,15.901703,0.009746
P384_NTRU_HPS_2048_677,21.062682,21.062292,0.017407,18.510793,0.017407
P384_NTRU_HPS_2048_677,18.236881,18.236758,0.022717,15.971932,0.022717
P384_NTRU_HPS_2048_677,21.247644,21.247532,0.017006,19.153969,0.017006
P384_NTRU_HPS_2048_677,18.099650,18.099483,0.022158,15.303673,0.022158
P384_NTRU_HPS_2048_677,22.842302,22.842193,0.019643,20.633527,0.019643
P384_NTRU_HPS_2048_677,21.548821,21.548532,0.029042,17.349460,0.029042
P384_NTRU_HPS_2048_677,20.473801,20.473546,0.021094,16.713070,0.021094
P384_NTRU_HPS_2048_677,20.052454,20.052314,0.007990,17.956514,0.007990
P384_NTRU_HPS_2048_677,25.649980,25.649627,0.023096,19.854444,0.023096
P384_NTRU_HPS_2048_677,26.944768,26.944466,0.018907,22.215162,0.018907
P384_NTRU_HPS_2048_677,19.070639,19.070518,0.016945,16.881747,0.016945
P384_NTRU_HPS_2048_677,19.068923,19.068810,0.024489,16.972194,0.024489
P384_NTRU_HPS_2048_677,20.329581,20.329394,0.007739,18.085495,0.007739
P384_NTRU_HPS_2048_677,25.635769,25.635657,0.016198,21.533556,0.016198
P384_NTRU_HPS_2048_677,23.447191,23.447079,0.011567,21.302840,0.011567
P384_NTRU_HPS_2048_677,25.214693,25.214430,0.018306,21.284798,0.018306
P384_NTRU_HPS_2048_677,18.287076,18.286902,0.013974,15.324748,0.013974
P384_NTRU_HPS_2048_677,19.389003,19.388852,0.012364,17.367286,0.012364
P384_NTRU_HPS_2048_677,24.022404,24.022097,0.025306,18.585151,0.025306
P384_NTRU_HPS_2048_677,17.862540,17.862425,0.013868,15.750551,0.013868
P384_NTRU_HPS_2048_677,24.436535,24.436427,0.009402,21.896195,0.009402
P384_NTRU_HPS_2048_677,23.143436,23.143098,0.027112,17.938441,0.027112
P384_NTRU_HPS_2048_677,17.826282,17.826148,0.008467,15.628540,0.008467
P384_NTRU_HPS_2048_677,30.801438,30.801055,0.023782,24.670401,0.023782
P384_NTRU_HPS_2048_677,19.666643,19.666404,0.019862,15.907101,0.019862
P384_NTRU_HPS_2048_677,20.259002,20.258681,0.041554,17.044566,0.041554
P384_NTRU_HPS_2048_677,19.656148,19.655980,0.014817,17.100688,0.014817
P384_NTRU_HPS_2048_677,18.887314,18.887197,0.012887,16.739199,0.012887
P384_NTRU_HPS_2048_677,21.434683,21.434537,0.009627,18.678048,0.009627
P384_NTRU_HPS_2048_677,24.414578,24.414228,0.020227,18.860741,0.020227
P384_NTRU_HPS_2048_677,19.039378,19.039203,0.007761,16.920632,0.007761
P384_NTRU_HPS_2048_677,19.129902,19.129775,0.019223,16.867011,0.019223
P384_NTRU_HPS_2048_677,25.618535,25.618169,0.023586,18.938228,0.023586
P384_NTRU_HPS_2048_677,19.431145,19.430852,0.013953,16.241833,0.013953
P384_NTRU_HPS_2048_677,24.881821,24.881362,0.022754,20.657329,0.022754
P384_NTRU_HPS_2048_677,19.107047,19.106833,0.022406,15.704301,0.022406
P384_NTRU_HPS_2048_677,31.167171,31.166908,0.019184,26.284255,0.019184
P384_NTRU_HPS_2048_677,17.805581,17.805476,0.018693,15.613415,0.018693
P384_NTRU_HPS_2048_677,20.164706,20.164591,0.009442,17.833515,0.009442
P384_NTRU_HPS_2048_677,20.370432,20.370249,0.009798,18.077742,0.009798
P384_NTRU_HPS_2048_677,17.582660,17.582514,0.008421,15.572108,0.008421
P384_NTRU_HPS_2048_677,17.840365,17.840233,0.007905,15.681896,0.007905
P384_NTRU_HPS_2048_677,19.651457,19.651256,0.031429,17.110505,0.031429
P384_NTRU_HPS_2048_677,25.071088,25.070938,0.024184,19.686074,0.024184
P384_NTRU_HPS_2048_677,21.891071,21.890959,0.008432,19.800081,0.008432
P384_NTRU_HPS_2048_677,23.822314,23.821828,0.025205,17.334158,0.025205
P384_NTRU_HPS_2048_677,28.243276,28.242950,0.015212,24.149912,0.015212
P384_NTRU_HPS_2048_677,25.159595,25.159167,0.019081,21.395193,0.019081
P384_NTRU_HPS_2048_677,30.271768,30.271209,0.010017,27.709026,0.010017
P384_NTRU_HPS_2048_677,24.511678,24.511355,0.009782,22.030176,0.009782
P384_NTRU_HPS_2048_677,20.210150,20.209771,0.010063,16.954220,0.010063
P384_NTRU_HPS_2048_677,19.080875,19.080709,0.009359,16.912995,0.009359
P384_NTRU_HPS_2048_677,23.109460,23.109155,0.016879,19.934357,0.016879
P384_NTRU_HPS_2048_677,19.364239,19.364032,0.021335,16.235079,0.021335
P384_NTRU_HPS_2048_677,23.296708,23.296591,0.018960,21.171254,0.018960
P384_NTRU_HPS_2048_677,20.069532,20.069377,0.015083,17.363341,0.015083
P384_NTRU_HPS_2048_677,17.820595,17.820489,0.020820,15.689945,0.020820
P384_NTRU_HPS_2048_677,24.725854,24.725481,0.023775,19.650070,0.023775
P384_NTRU_HPS_2048_677,19.746374,19.746171,0.016187,16.293955,0.016187
P384_NTRU_HPS_2048_677,26.054948,26.054695,0.021783,21.970604,0.021783
P384_NTRU_HPS_2048_677,18.259652,18.259476,0.025211,15.610901,0.025211
P384_NTRU_HPS_2048_677,22.809006,22.808890,0.020009,20.671269,0.020009
P384_NTRU_HPS_2048_677,25.500832,25.500470,0.035279,20.627966,0.035279
P384_NTRU_HPS_2048_677,22.003753,22.003523,0.021085,18.778478,0.021085
P384_NTRU_HPS_2048_677,25.154018,25.153619,0.029839,20.500454,0.029839
P384_NTRU_HPS_2048_677,24.051991,24.051757,0.015517,20.982926,0.015517
P384_NTRU_HPS_2048_677,26.185737,26.185397,0.022110,21.023079,0.022110
P384_NTRU_HPS_2048_677,17.756938,17.756816,0.008373,15.600375,0.008373
P384_NTRU_HPS_2048_677,20.072525,20.072341,0.024284,17.244065,0.024284
P384_NTRU_HPS_2048_677,26.344684,26.344427,0.015972,21.666973,0.015972
P384_NTRU_HPS_2048_677,17.765137,17.765015,0.014974,15.437893,0.014974
P384_NTRU_HPS_2048_677,20.191987,20.191742,0.038619,17.076450,0.038619
P384_NTRU_HPS_2048_677,22.873988,22.873880,0.016574,20.788028,0.016574
P384_NTRU_HPS_2048_677,22.723717,22.723402,0.021953,19.161911,0.021953
P384_NTRU_HPS_2048_677,26.156048,26.155740,0.024038,20.992961,0.024038
P384_NTRU_HPS_2048_677,20.261907,20.261791,0.150393,17.869593,0.150393
P384_NTRU_HPS_2048_677,24.825135,24.824842,0.043626,18.865614,0.043626
P384_NTRU_HPS_2048_677,24.654156,24.653739,0.028866,20.555539,0.028866
P384_NTRU_HPS_2048_677,22.820889,22.820774,0.021407,18.008500,0.021407
P384_NTRU_HPS_2048_677,23.872969,23.872571,0.034005,19.986430,0.034005
P384_NTRU_HPS_2048_677,23.056217,23.056100,0.025801,20.919380,0.025801
P384_NTRU_HPS_2048_677,19.267947,19.267834,0.014465,16.877727,0.014465
P384_NTRU_HPS_2048_677,20.930705,20.930526,0.011908,18.098444,0.011908
P384_NTRU_HPS_2048_677,25.085010,25.084696,0.013920,22.350542,0.013920
P384_NTRU_HPS_2048_677,25.988994,25.988595,0.024921,19.395546,0.024921
P384_NTRU_HPS_2048_677,21.600920,21.600807,0.021410,19.499915,0.021410
P384_NTRU_HPS_2048_677,23.128704,23.128587,0.008398,20.988789,0.008398
P384_NTRU_HPS_2048_677,17.776595,17.776482,0.014402,15.510474,0.014402
P384_NTRU_HPS_2048_677,20.948416,20.948294,0.017489,18.754658,0.017489
P384_NTRU_HPS_2048_677,22.652869,22.652753,0.014765,18.237528,0.014765
P384_NTRU_HPS_2048_677,22.472655,22.472507,0.009030,18.964364,0.009030
P384_NTRU_HPS_2048_677,19.921691,19.921265,0.017460,17.626953,0.017460
P384_NTRU_HPS_2048_677,19.250871,19.250654,0.020816,16.126910,0.020816
P384_NTRU_HPS_2048_677,20.710536,20.710420,0.015279,18.546243,0.015279
P384_NTRU_HPS_2048_677,26.340338,26.339970,0.027917,21.397110,0.027917
P384_NTRU_HPS_2048_677,20.791902,20.791728,0.012083,18.760817,0.012083
P384_NTRU_HPS_2048_677,23.348656,23.348536,0.009581,21.046002,0.009581
P384_NTRU_HPS_2048_677,19.952510,19.952027,0.009764,17.294628,0.009764
P384_NTRU_HPS_2048_677,17.594376,17.594264,0.017074,15.447501,0.017074
P384_NTRU_HPS_2048_677,20.905375,20.905097,0.008868,18.382570,0.008868
P384_NTRU_HPS_2048_677,18.853787,18.853403,0.012179,15.380679,0.012179
P384_NTRU_HPS_2048_677,23.798902,23.798736,0.008678,21.566741,0.008678
P384_NTRU_HPS_2048_677,24.867504,24.867185,0.026790,19.503779,0.026790
P384_NTRU_HPS_2048_677,22.900213,22.899951,0.019075,18.087379,0.019075
P384_NTRU_HPS_2048_677,18.654921,18.654801,0.009620,16.516618,0.009620
P384_NTRU_HPS_2048_677,20.371412,20.371297,0.010198,18.256642,0.010198
P384_NTRU_HPS_2048_677,19.241816,19.241642,0.016504,15.820521,0.016504
P384_NTRU_HPS_2048_677,18.924802,18.924679,0.016862,16.683119,0.016862
P384_NTRU_HPS_2048_677,23.328052,23.327702,0.019485,17.768578,0.019485
P384_NTRU_HPS_2048_677,23.784849,23.784733,0.008425,21.692153,0.008425
P384_NTRU_HPS_2048_677,23.014841,23.014592,0.020535,19.071786,0.020535
P384_NTRU_HPS_2048_677,24.772290,24.772043,0.020093,20.336003,0.020093
P384_NTRU_HPS_2048_677,17.930894,17.930768,0.013417,15.630097,0.013417
P384_NTRU_HPS_2048_677,23.814344,23.813787,0.022815,19.766838,0.022815
P384_NTRU_HPS_2048_677,21.372473,21.372358,0.008734,19.329019,0.008734
P384_NTRU_HPS_2048_677,26.618518,26.618095,0.028784,20.886542,0.028784
P384_NTRU_HPS_2048_677,21.500059,21.499781,0.019177,17.189160,0.019177
P384_NTRU_HPS_2048_677,19.665274,19.665158,0.008305,17.455304,0.008305
P384_NTRU_HPS_2048_677,19.498597,19.498472,0.008387,17.393479,0.008387
P384_NTRU_HPS_2048_677,26.019988,26.019676,0.032717,21.470470,0.032717
P384_NTRU_HPS_2048_677,22.595589,22.595186,0.023255,18.697041,0.023255
P384_NTRU_HPS_2048_677,24.482813,24.482410,0.029270,18.310847,0.029270
P384_NTRU_HPS_2048_677,24.260568,24.260431,0.009880,21.798389,0.009880
P384_NTRU_HPS_2048_677,22.395466,22.395263,0.013098,19.042714,0.013098
P384_NTRU_HPS_2048_677,21.934721,21.934606,0.010461,19.713787,0.010461
P384_NTRU_HPS_2048_677,27.992903,27.992556,0.035173,21.917840,0.035173
P384_NTRU_HPS_2048_677,22.914345,22.914100,0.015476,18.932750,0.015476
P384_NTRU_HPS_2048_677,27.878099,27.877797,0.021244,23.035393,0.021244
P384_NTRU_HPS_2048_677,25.969383,25.969027,0.023884,19.799706,0.023884
P384_NTRU_HPS_2048_677,17.303076,17.302959,0.020791,15.202933,0.020791
P384_NTRU_HPS_2048_677,28.837699,28.837436,0.014314,24.383124,0.014314
P384_NTRU_HPS_2048_677,18.655822,18.655629,0.012729,15.801263,0.012729
P384_NTRU_HPS_2048_677,24.955388,24.955005,0.029907,20.641087,0.029907
P384_NTRU_HPS_2048_677,23.170821,23.170527,0.016496,20.833747,0.016496
P384_NTRU_HPS_2048_677,19.909982,19.909766,0.010465,17.148981,0.010465
P384_NTRU_HPS_2048_677,23.535264,23.535159,0.016907,21.494813,0.016907
P384_NTRU_HPS_2048_677,19.690879,19.690691,0.017212,16.466987,0.017212
P384_NTRU_HPS_2048_677,20.856653,20.856455,0.026882,18.099879,0.026882
P384_NTRU_HPS_2048_677,21.763419,21.763313,0.010992,19.372432,0.010992
P384_NTRU_HPS_2048_677,25.367056,25.366607,0.022631,19.342551,0.022631
P384_NTRU_HPS_2048_677,25.568612,25.568092,0.029001,20.771625,0.029001
P384_NTRU_HPS_2048_677,18.208662,18.208541,0.011791,15.823173,0.011791
P384_NTRU_HPS_2048_677,19.583896,19.583676,0.015304,15.868573,0.015304
P384_NTRU_HPS_2048_677,30.554844,30.554596,0.014965,26.325680,0.014965
P384_NTRU_HPS_2048_677,20.616521,20.616297,0.011832,17.917574,0.011832
P384_NTRU_HPS_2048_677,17.544219,17.544100,0.007696,15.367350,0.007696
P384_NTRU_HPS_2048_677,23.366846,23.366683,0.023156,17.705306,0.023156
P384_NTRU_HPS_2048_677,26.938770,26.938405,0.020877,21.992617,0.020877
P384_NTRU_HPS_2048_677,18.987261,18.987147,0.013303,16.780952,0.013303
P384_NTRU_HPS_2048_677,24.466476,24.466184,0.021083,19.364768,0.021083
P384_NTRU_HPS_2048_677,20.269395,20.269057,0.015314,17.233826,0.015314
P384_NTRU_HPS_2048_677,21.836714,21.836383,0.028881,18.170538,0.028881
P384_NTRU_HPS_2048_677,19.826506,19.826271,0.018488,16.840178,0.018488
P384_NTRU_HPS_2048_677,21.208996,21.208833,0.014994,18.431026,0.014994
P384_NTRU_HPS_2048_677,20.029099,20.028963,0.017741,17.434210,0.017741
P384_NTRU_HPS_2048_677,21.598457,21.598308,0.009148,19.206252,0.009148
P384_NTRU_HPS_2048_677,26.956331,26.956052,0.018090,22.150584,0.018090
P384_NTRU_HPS_2048_677,26.449507,26.449143,0.022566,20.914820,0.022566
P384_NTRU_HPS_2048_677,23.915085,23.914734,0.016958,20.248265,0.016958
P384_NTRU_HPS_2048_677,19.920119,19.919967,0.008624,17.855214,0.008624
P384_NTRU_HPS_2048_677,23.474590,23.474272,0.020960,17.804635,0.020960
P384_NTRU_HPS_2048_677,20.507166,20.507004,0.024719,18.004686,0.024719
P384_NTRU_HPS_2048_677,23.691163,23.690765,0.024639,17.492544,0.024639
P384_NTRU_HPS_2048_677,24.839366,24.838992,0.027130,19.538674,0.027130
P384_NTRU_HPS_2048_677,20.920428,20.920316,0.022015,18.789749,0.022015
P384_NTRU_HPS_2048_677,19.851954,19.851812,0.012193,17.235884,0.012193
P384_NTRU_HPS_2048_677,21.991129,21.991010,0.009416,19.536567,0.009416
P384_NTRU_HPS_2048_677,20.044380,20.044260,0.018990,17.857573,0.018990
P384_NTRU_HPS_2048_677,23.717015,23.716690,0.021809,18.216452,0.021809
P384_NTRU_HPS_2048_677,17.795050,17.794937,0.013908,15.728300,0.013908
P384_NTRU_HPS_2048_677,20.752249,20.751989,0.021116,18.504028,0.021116
P384_NTRU_HPS_2048_677,19.733006,19.732801,0.018663,17.186288,0.018663
P384_NTRU_HPS_2048_677,20.545686,20.545438,0.025542,17.050809,0.025542
P384_NTRU_HPS_2048_677,19.747195,19.747081,0.010040,17.632773,0.010040
P384_NTRU_HPS_2048_677,27.767272,27.766981,0.018739,23.189941,0.018739
P384_NTRU_HPS_2048_677,19.212428,19.212317,0.015199,17.089389,0.015199
P384_NTRU_HPS_2048_677,24.469385,24.468979,0.024216,19.820254,0.024216
P384_NTRU_HPS_2048_677,23.037010,23.036842,0.020383,20.961325,0.020383
P384_NTRU_HPS_2048_677,22.185026,22.184659,0.008356,20.132479,0.008356
P384_NTRU_HPS_2048_677,22.781786,22.781395,0.016847,20.108578,0.016847
P384_NTRU_HPS_2048_677,26.145904,26.145661,0.016697,22.259107,0.016697
P384_NTRU_HPS_2048_677,22.912367,22.912253,0.016704,20.103134,0.016704
P384_NTRU_HPS_2048_677,26.581350,26.581012,0.021806,21.414620,0.021806
P384_NTRU_HPS_2048_677,22.460241,22.459864,0.019553,19.836667,0.019553
P384_NTRU_HPS_2048_677,19.614876,19.614645,0.021502,16.130645,0.021502
P384_NTRU_HPS_2048_677,20.440209,20.439876,0.007942,17.774789,0.007942
P384_NTRU_HPS_2048_677,24.734381,24.734123,0.024985,20.634481,0.024985
P384_NTRU_HPS_2048_677,20.345714,20.345463,0.012240,17.714780,0.012240
P384_NTRU_HPS_2048_677,23.569926,23.569813,0.029490,20.679483,0.029490
P384_NTRU_HPS_2048_677,21.331467,21.331073,0.022877,17.390433,0.022877
P384_NTRU_HPS_2048_677,18.867820,18.867529,0.018528,15.990519,0.018528
P384_NTRU_HPS_2048_677,24.247549,24.247290,0.022203,20.937498,0.022203
P384_NTRU_HPS_2048_677,23.066454,23.066343,0.013403,21.009279,0.013403
P384_NTRU_HPS_2048_677,20.832657,20.832541,0.018989,18.570404,0.018989
P384_NTRU_HPS_2048_677,23.418007,23.417620,0.013758,20.523055,0.013758
P384_NTRU_HPS_2048_677,19.211146,19.211028,0.020135,17.037343,0.020135
P384_NTRU_HPS_2048_677,20.484670,20.484555,0.011764,18.198750,0.011764
P384_NTRU_HPS_2048_677,25.567294,25.566923,0.027579,18.837882,0.027579
P384_NTRU_HPS_2048_677,26.074618,26.074477,0.013918,23.462612,0.013918
P384_NTRU_HPS_2048_677,25.470817,25.470426,0.024171,19.199716,0.024171
P384_NTRU_HPS_2048_677,31.957017,31.956684,0.019964,27.419326,0.019964
P384_NTRU_HPS_2048_677,26.048783,26.048363,0.018383,20.779790,0.018383
P384_NTRU_HPS_2048_677,21.058611,21.058420,0.012107,18.325956,0.012107
P384_NTRU_HPS_2048_677,21.302163,21.302031,0.021309,19.215537,0.021309
P384_NTRU_HPS_2048_677,22.688480,22.688064,0.009203,19.779549,0.009203
P384_NTRU_HPS_2048_677,25.669293,25.668905,0.026067,19.249648,0.026067
P384_NTRU_HPS_2048_677,25.737016,25.736703,0.052317,21.612540,0.052317
P384_NTRU_HPS_2048_677,21.469104,21.468713,0.037638,17.602607,0.037638
P384_NTRU_HPS_2048_677,20.939112,20.938979,0.008419,18.811339,0.008419
P384_NTRU_HPS_2048_677,24.373187,24.372840,0.017323,20.940887,0.017323
P384_NTRU_HPS_2048_677,20.959883,20.959690,0.017581,18.117149,0.017581
P384_NTRU_HPS_2048_677,21.439485,21.439369,0.013263,19.346023,0.013263
P384_NTRU_HPS_2048_677,22.952102,22.951930,0.028843,17.967584,0.028843
P384_NTRU_HPS_2048_677,24.741555,24.741258,0.019738,20.071807,0.019738
P384_NTRU_HPS_2048_677,21.452280,21.451885,0.023762,17.538284,0.023762
P384_NTRU_HPS_2048_677,23.044081,23.043967,0.007922,20.822567,0.007922
P384_NTRU_HPS_2048_677,18.120906,18.120783,0.007614,16.002007,0.007614
P384_NTRU_HPS_2048_677,22.605253,22.604970,0.019148,20.012742,0.019148
P384_NTRU_HPS_2048_677,25.831782,25.831472,0.014946,21.560936,0.014946
P384_NTRU_HPS_2048_677,19.148268,19.148150,0.008188,17.008456,0.008188
P384_NTRU_HPS_2048_677,23.375716,23.375360,0.025288,17.943775,0.025288
P384_NTRU_HPS_2048_677,20.743142,20.742989,0.008232,18.657317,0.008232
P384_NTRU_HPS_2048_677,21.900017,21.899566,0.007882,18.773532,0.007882
P384_NTRU_HPS_2048_677,18.880049,18.879933,0.018163,16.838171,0.018163
P384_NTRU_HPS_2048_677,21.604837,21.604723,0.010186,19.487986,0.010186
P384_NTRU_HPS_2048_677,23.617885,23.617528,0.023576,19.291926,0.023576
P384_NTRU_HPS_2048_677,23.396638,23.396533,0.021139,21.292917,0.021139
P384_NTRU_HPS_2048_677,20.009491,20.009279,0.008422,17.911274,0.008422
P384_NTRU_HPS_2048_677,22.208048,22.207593,0.023068,17.654814,0.023068
P384_NTRU_HPS_2048_677,20.196089,20.195968,0.010130,18.164801,0.010130
P384_NTRU_HPS_2048_677,23.561061,23.560761,0.023323,19.969483,0.023323
P384_NTRU_HPS_2048_677,23.549999,23.549882,0.008312,21.249168,0.008312
P384_NTRU_HPS_2048_677,26.344570,26.344288,0.023833,21.593184,0.023833
P384_NTRU_HPS_2048_677,20.159536,20.159352,0.020969,17.785494,0.020969
P384_NTRU_HPS_2048_677,19.969099,19.968917,0.013049,17.630029,0.013049
